id,covid_status
6BGTwwcsLoZpqSMhSzFeT2Z7Pqr2,0
pGxub66GjDdAaJDd95hGHo3BcnJ3,0
xthD326W2odUKmaURdpqoX18XEW2,0
lRTZkLVfotSCNqqchfmOZo4Zc1o2,0
eY44bQRKksTntBarwq9fRkPkA8N2,1
XwPxN3JASwgk13QZUviNawM7k0v1,1
TIFqRMyFsNVEYSMu9P05PF5N2Px1,0
wL14nLGSh3P7qMgVFzfxt08XJbC2,0
cmb5xzMisFOW3SKYjF7C8mgLfD83,0
AI4aa1tjlXQw4iOH4RuTvgMtK3G3,0
DsEh7p2DEgWLuhbSTrqgQnTJJjC2,0
nsKPMVQ77PdvSk4XO3Ri21f1YeH2,1
SI6TF4Wk7XdAyxpOK4rW3usdrAm1,0
tpnRTSUMvkT4tJZpIQi0OghPefz1,0
xf8WMloFOzegmJfwltZVuSQHTyA2,0
uqD6aEx3ObQK5DE4GH900S42U352,0
j4xItLU4BzcKshmihayCM0pTooH3,0
1gKYFXop8UQtz5vrzrbVcnjX0Vi1,0
lS9YdIeCTmfaDKr4AgtF1hjdlR23,0
U1xH6cTpR6VhCLwJKx2wKZc5XE03,0
4RTWSyPKTdc7aRr4ocbrk5m153M2,1
xRTpzeZwMiQaC5YCnlXZeDwgcvL2,1
QwS7dzEJ48f6hh4eQny6ywozazg2,1
GoGf76VxSgOiEBDUkcP7LONacII2,1
KL32QXSSnLZlRRT2B6rQQQKgpx12,0
DmKc9V8ZeqQBMqOaGMDZ3mvRIY13,0
YRwYptwqVUfHZbZh1hiqsczaT8m1,0
dosEoi5rKRVXDZzENH1QpxCfPWu1,0
nlKBKSlza3VwbasF1voiECoUs6d2,0
eX9y5J7LtpfNf6c2cl8yDBRhmXV2,0
ARnHOwUIKyfpC9ryG6AqrTcksmq1,0
HSj0b9JLMjVfqxpQi1s6OVQXkZw1,0
UYQqLbdvfMeQOnISZq4Okwuas6K2,0
wByjVbPfagQsv9nerwycE1QDQ5B3,0
bTiu7RJ0JkPVSja5Sr5YSHBulQ43,0
chMsCb2SqaYxVB1lc93vPGPa5ho1,0
9CjIhgGiWqP4wrhOximVkQgE8tq2,0
gpcoorcyfuXQZxcUFTxthUKOua03,1
RUZ93kkyD0hJ1v7awXutr6RgF943,1
wq5WR6X7egP0MydXWR8nqSpHqq12,0
yMd8IFHnWWYgs6CNSFypl9QhFGu1,0
01OCEf1yB4czsq8ygRoT51s96Ba2,0
AWMx6dOBlFPdjWa86wkLjsGZ6by2,1
ZdpBUfXPEpShEdHGVTUxULhNtn23,0
9LCBZHRlg3Nk6NMZHu7AZJ9Rju53,0
5FnTn9FS7uUjXCbNzKuQY28pI3G2,0
kITWulcVb7cnGpGxSo0bKUE7MAs2,0
I6Mjl4neEPMnMH16WVW6oTG860L2,0
joORHxc0iCTwgP7Uh5SM5N7rnnf2,1
NjLggybuDbN2vcR2Va2hyDuDwQv2,0
6pXKrZlDycStXTNMBjGXtxxYfvc2,0
EkvdE7B9zuaZEHjb80RflGGqsgz1,0
FYqsLjb8gjOLhrB64aWUc53KVVf2,0
gH4tLBmPiFWp96S6j3z0wjKYhab2,0
4w3GC0eRNVXJ4q4vRLphW9RIiQY2,0
aZxVRpoNSBebXHqCkT6EwLagTvb2,0
HPLBB8nluUMo7eX4zG5SmAnOhmu2,0
6kMlitGRc3XF2Nt13Wl3LOs4wMl1,1
EucWZQ2KbbQ74NhWqnrUEuS7pU53,0
jU6lNbGSe4TXBJdMhRoUCRnAWsT2,0
YKJ4AmuaSThm9fM7nAE2rxLs9Bm2,0
v8uTeuovxbfNIDu1Rp8IDDLOT5K2,0
aHJPsm6esHeW5apkd8KAFdia9zj2,1
bjA2KpSxneNskrLBeqi4bqoTDQl2,0
CUCqq4q5SQa3fDkpraekej7fNza2,1
1woiacXdMmXUQiMWESqr83uk1NV2,0
yBJ20a3np3a8FHUUVUnXslUoX4f1,0
v0Cj73yuwacWiGqDlaVsMa1GHqd2,0
9TA7dm7qVygA0rTNGmNJOlofvtP2,0
oeOuvTlUMEfWPcNOA4EnTk5Bh4K2,0
LwfZvk9xa6bAJbz4wQGEcyoDOmL2,0
FA82s56D4CP2QAkUpv7Zlbz95NW2,0
4e9u1T1conYlXIQp89SQRgMPScY2,0
H6bxcGub1wOdaWWZ7kyk8KYuswf1,0
xuXF9GD5zhWX6SqjzWsrUWvevhh2,0
S4RMw5HOdnaBnLOaIIuybMtreHg1,0
zGjGkKCAjkdA9S3aSreocxkWf0C2,1
KFQ0ksPwkDcLUUjbVBYWGWr9ei62,1
gXkNMIy5J4VwXV2ZxAAObvb7S3Q2,0
7arBtLdzGeW8oCN0DXhI6dqqUdP2,0
8jj80VIjJDhstlysp9ak8kFJwex1,0
SI80JBOb0XcjW0Ez4Dn4Y0Ev5mw2,0
u1G8LRJRwyUWNf8J9McgKGyfQJ33,0
1fMS9159tNOgEbgTXBoUpBXQUIr1,0
CjVKAdiAXkdaeNfQ7O9VWBrSpLl2,0
WTy9ym2R87WxEwQufFkYxRZDY0C3,0
kgO3qInKxTZQeaLHAceD3knSCZf2,0
dtV4ZlnWakRFGKpIfiUqdu3q6iq1,0
zM5GsorprLYElGQ3uJwnU0g0Fwr1,1
6GBpxEuVACapBiyIgwQOAj1zuuy1,0
xXvWuF9fKkRVDhhbkAT8TbE3Rj62,0
FJJZziCGb0bv5h7JlSKaOSXDdOH2,1
n4iInpDT2BR5xr3Y6yNqOxvvFUm2,1
nHni2h50bzR6jh4FDPgY2NtVs7I2,0
kAnUnZf9b6d4bkjJCawv0nCGJUI2,1
Fx2gbIoPlJXrK5OD8FMeepOGlLa2,1
3LCqXTY14jROmsMpG3XkEiMJ9cD3,0
aB7zSIAFW7bCmQC7IBUWFjNncTF3,0
MKb4BFUuYAZfOtzGlAz1UwNzo6R2,0
RebRt0aSpjOeqnezG7i5XQn03Ql2,0
qje01PDBImMG8VBE3hnyw4GbJ7W2,0
pW9mCAeWYiMoM7wW7riLvNRbYDO2,0
6BT19A6gAlNjbtbe3EdgKQc4kkH3,1
KYFep4QYHeTdetDl8dhMl0je3ux1,0
fezNxeyeMSSvqIiQvCsQROuhbNv1,0
y6VWQQ5bW0drHBBQ74CmfwHniKo2,1
Pjs0FDjZUofs8mvB3cjg0Hibe8B2,0
gkgap61ehlgkpjvtbEm1EVbhv8j1,0
9CUhQAT3U5YhxXmqkw01co7jVOU2,0
9JhZlp6ebpZYjnKlK2NTZTihDme2,0
kiduiciSl7YBDAK9XuvaRizJUnU2,0
ecy0t93dh8TS3yPI4YJZDSuDFAi2,0
Hge7rEPBdLcy4ckCtvUFfl4p0Ne2,1
ya3VviewxzdRZqbLrEXsIrvilRR2,0
nXZU2OEKmtPSXhbaHZAKb3snrJt2,0
XFlqN1sDBKNXyuORhVagkJnr5V33,1
vX3NZt9tyQUhXgS4dlz55VGEMdU2,0
O924JvpBNRN7jHvErWkpfjqGvat1,0
3VCMGx9M1tTUiEcjERCBG6iC1Ko1,0
ffXE7VADnca3RAVTmQd60PrIRfk2,1
eKGXsbhd2VOFGSoIhMH8SKaa6n12,0
JxSb6sEnk0RC9NPyET9sCpJ3OqN2,0
ypvsQ6trNDhlWTd8A5vXrRCC8mg1,0
USIcgb7j6ofzFTvbjQVofvgJOoD2,0
EBJVTXGpKucYUqz7evI887oS1162,0
foSqAW8uRvWn3SsriOdFCLpNKY13,1
oNVwfrIb63g5zB4jsaduCjuufPo1,0
cGsyomvRhzLiAzPk98QyHu8988q2,1
zVkoMlwOqwXzjsgyGs99OoU10J92,0
jtTWQOkCx0RG5LBfKnPekeYuhMD2,0
oPLTYiEHMFTuruwTXpbRPnlz2mr1,1
IimA0GnOm7ZR4nEr8k0kG4eaR7A3,1
gM6ePm1Ew2d0nCVAHMf2ANaKI8D2,0
s9pMRe4F46aJf8Jg9SvLfJoxgg93,0
AWZWqZAsydRwCkb1CSCZTjiG1YD2,0
HN3yAvicf4RTVGb6l0PjM41iBAn2,0
SeJVLdrWddXdcxmY9Q51FUjCFRv1,0
S0VydT0PnkaGbSLPpfoz2kr48yz1,0
IQ7tfWcSsRXGe0J94ouY9rsTB8V2,0
Qxlw2hDL29g1Sb9ZQO3XDPIG5Qr1,0
ebtxeRmhQhQ78ZtgSjN7g637e6v1,1
AbtlW73g2HUScOPZZQYMD7jRlkX2,0
LTk52ATmpEVOJSTjuNtEZHJx6943,1
chGPz3cGyvRFMdWo36WHlyEBgpx1,0
D1d4hc9MrgTDxgAhqpTgqOEJtLp2,0
aGOvk4ji0cVqIzCs1jHnzlw2UEy2,0
wawUd75qJgXdQz6qxRATEzuKvMn1,0
NY6jgqIgJtUPBYpsbpO3qhmpdft1,1
Z8ulmLPAsmhYfYuqUAmm6aGy5r53,1
aJDwaJhhehbgKgHpYaP0sng5rcn2,0
PzAQz6zDDcPbdSePDK02jGd4Rm42,0
e5xiRpxobLe69psjXzZtitwdxpg1,0
83BZjlFTcYZWakpS3tf63fpwbQO2,0
YA7NFQZSqwUZUJGPAh5tRe22woB2,1
NPwHtrWOTPgBVHkElhwB91qJXts1,0
fVL3e9RKRgN2yNKT0KMNZhbal8R2,0
1kj3twlB9PcVyePxzqNGwnkYZZx2,0
B8eucE77s9Tg8wfQCZIv9JCTDrj2,0
k7R0sHWreMTQCDnV5dMzd7t101A3,0
0xsz0lbpsoVgfojvTNSAjv9dhBq1,0
AS7IWnzwSnZ6IzknBA0G7uLYEeT2,0
vus9YM3VqCXq3QckSGoeHJs6pBN2,0
1aPZz1jeoBcw9B046d504mn4cq82,1
IjI3eQUHkrYdJSB4nWeXeNoryNl2,1
M3mk9u8tIBUCavOhsxcGej5s9Vg2,0
symIMnhx0SXZB11UPJXEWP4pTbO2,0
m6UxfLHv0nWKNqMZP2uNiGzXgKh2,0
H9aG9NV6Wae3ATv7xapsyAYdIJy2,1
Q9mjuJioRUSHLiSgS67ZTjRtCy53,0
V2l1rcUUl3VsRmbvIWuaazcBMF12,0
3VWhvtBFHKMgEKxlXzMYeg5NeBN2,0
t0UxwxXhJxX6jA1bJNTQYjOWeQj1,0
BdJTNoebc9X4fQNSUGhjBVVADvr2,0
WscnqzOzFwUvHbl7MKfRcioUI9t1,1
zpjoDhhHvJcfhSHTK9i895kmr2f1,0
mR2kMg6kMuatgjlTHPPDNmY4YFC3,0
A6cnzNlOAmM8GCpUKtC1ZwTKUiO2,0
tKPYt15PqwZH8RcZnoRnkk4Q8UZ2,0
padXEGczMRRKmLRVc68rEKI142B3,1
LElWV2QtC5fwpqpIdAFEmaLX3Aw1,0
LF7wSEDpWafkz5bwtxnFuho9iWz1,1
yT2MdQkNRvMvI418P1AQ2SystgE3,0
2DlLebpOzxaURwfwyo2fZiWIF1Z2,0
0c00ybTdnIRUTXeg20bZjJOzhKv1,0
JNTWsYYQjzMMOsmFMml8OXjHYx92,0
OTSzQ3koIrTIdjRbfrDBzn88rLe2,0
G3iIP9QRHPTItOsK6lpEMd6IQKw1,0
2zAfpSxYt0O6Bl7qwUhicdCoyY42,0
lRsw8buO7jQSHGzSWIOPW5JboM82,1
s3gFlexwXGaT6sBmU6g82B6Zczh2,0
IP6mdjKfmKNgsLLT110MkgGvWK02,0
RNnxsLNUWPeqrfpPcDb4b903fpj2,0
EcO51zxmIHcVtAUlxnvO6wA8JcR2,0
sUvE80s6vsOdjqAo5mnubdliqrW2,0
EAqrht1aIXZSoBIuuULWnWTjwQr2,0
1PhqsVP6EhPzs1zx9XUsyj7nm823,1
8UDw6kiGKhgchuwIhHR3o2npPk92,0
DQbyjZoEh1chrWRqOkPrUsxvqpv2,0
yHn6UxlPk8RvWZ3X5jrTa89CPwG2,0
Fi4TZCxqYqMvq8ncC4aYajCVRcz1,0
1AuoEhB8vAfCtxTFFV0W916yBqA3,0
wcKHRzi3zFZi7KNZqDcQD2wXkUm1,0
FCo8orfgs5ZKKQV4T436XCoycht2,0
euLpkmzCb1cGb2gkZRQ6gh7hGsC3,0
cpkq5jRCUDOvtB7vROcz6LuOAzr2,0
Eu11s84cuBTiPXTAtVf9mj3GkqA2,0
49Ih3xxOmCT53KfYuC2BKGvSAi13,0
GBZ88OAxQfg6NBTxjDRI0Pf59mq1,0
GGGztp5BbtgwQ7McufNdfMAvSFv1,0
evcMtXUBFWS6bXPYqv7BXVfqFIc2,0
c0qg1BdEVyNXI9Uq7fxJtBjy8dq2,0
ankVK1DxMvbVFA9PYyKvHk6CQLP2,0
0EAAFsDWfTcrhktHy78LS6nf19G3,0
11GcRROEvCReCSBzteGoFLw1GyS2,0
9znW0Bni1Scj62DqhsfoagP6HLI2,0
W673kSjviTeaeIVpuLAtv9up4s72,0
MViWQGORcQfI5lGwqT4CDXP9iHG3,0
2wrPt2jccQdBHxWGghBMypnXxHE3,0
34FItWuiLofMlaG1BmqHWVgHelh2,0
OPgL5r9gSiOhpOtFGVK8e0kN4o73,0
aDPRTmlNZ3XLxOMP2KafJi1lnWz2,0
DES9AsgsFdVdBotRJ6R46C4tc9c2,0
SQb3JATyGKUZvdfaoVEBhhB2d752,0
PlsyeCq5jHO4E70iZHfrfHSqSJu2,0
AeJcnB6Pl6ayw2YL7whgWyYSVnz2,0
NKfo9DcpbQeYHlZ6pHDOwRx08i72,0
CAf8ILsDpQMeTPPLwi7nFlgRT2t1,0
ZIzrdWNQK1Xhn6o6jrzSVBMdphp2,1
z7RqPeGUQ4X8rxD6ftMf9i4ZE3w2,0
LtqbA3mrmKN4wsTG0sEoPl6fAfB2,0
Fuj8ConlkeNoRot2tyMMyzYCKfo2,0
Mx0Ij186LMVXmLB3xX54QCAbyhu1,0
r3TFCPT4wJP2K891tXSFsIxAMPG3,0
tAqfUCGTWKdgIF95SfZU0gtLPZt1,0
ThEx12Qb23UTenYWttvsRvioxqE2,0
Z5Y8ewskqQWeyIFkqRKuwGz9fCv1,0
IgwjLDmZRyTv03Mq7VdUYL6O5fV2,1
EJSbChF4LfPisqLxlUqiwYU7zy83,0
FSzobvJqOXf0rI6X05cHqOiU9Mu2,0
yWcihv2x97Rzj5Z4i72YVe1FZMG2,0
xyM7qnHrkeSfQsGyRCsomcKfMDG3,0
ePaI9geAOLYTcCjN0bI0vvbHAyR2,0
L6ScULj3LRPFLYdvs8HdWpzhkdp1,0
4FJNm8IlWySNOgF0Jyyvw6beLxF2,0
00xKcQMmcAhX8CODgBBLOe7Dm0T2,1
eg0RP6C379PTXguMbBE6RUKY69S2,0
iS29Ewab4XQHypUcZLygL7AYH6J2,1
UVNJbaiYLMMfREwFxt1LdpdhWWD2,0
smnOOz3onPU2GxyyQuwVJuiU0No1,0
xKW2EpGmJcfigLecUTLVXEWQHPg2,0
3RBbwztykUWGLJ5UmBZoL5pqOtA3,0
eNTXqhPqTser8AI98QMVcwQpV5p1,0
UbRWBwc42vQH5WKiUUP89RvPlA92,0
zdUE4UjuVwXhBeBZqWBGCDL9CSx2,0
ZHsY7y4Y8JOoafrQpOKJEr6gORq2,0
HK3FfcI5SyXc7CtQMaQiMQ2ia1n2,1
AQTaxycYpIWSoPUFSEUiFlqgenu2,0
akdaeGnDlhgMKnIjAhpslMiMJO43,1
g6L8s5Dtq8eIYUTeRWHq0Q7w5L32,0
QPUF1XfHBbZCGh4QhsgDhGLnjTi2,0
kirLJEuOWzYOWBeTC4CRHrTTRVv1,0
2TOBsGCz6ZUYjZ1DKt3C0ae2VlZ2,0
XpMEOhbTdsSYUjo2zsmVjnVOsoK2,1
C5eIsssb9GSkaAgIfsHMHeR6fSh1,0
6fqe8i160qM5rtC4uHrlu3MZXe32,0
OnYf35hpRnNpCxV6vTU9n2ETMiD2,1
ir3jqGSKT2ManVTAAzj6Ew7orBD2,1
fXT3tXtSwYRqFf2V66ND3RpMash1,0
foENi3P7alPC0yTEcDMIJEPFm4E2,0
Z0JZ3bVzYZcEx2GkbTKAyWbyC2J3,0
0W7xMFW538WmDghkiujx2v4xVnt2,0
VJfAi0zEQHh3U8JAAdM6qwqQxmr1,0
NakKwA95snbM0W6Lk1nV0ptOmOA2,0
33uBb3ZF1NekffyAZpRdmyP0KHH2,0
uiJ6vlTGUtO7akwp4VhP2142D9u1,0
Afi7SdxjNOetySybYTZ7RPxwFiW2,0
0zexHIcM7tQDdnFiEj2Eb0v3g212,0
DrwbGqSB9ggZBBYhsyS1fm2YzPB2,1
gdMY0DOvz8QrFltj0X4Ez0PpsHS2,0
OatFCKWJSXcyyGHHGozArF6mCVU2,0
BfkSf0P6WcOlQW1jfLuLKEPusF82,1
qHN6U03r3TRKVZ83fmWDDQvtDuz1,0
A7tcR4TNNfYhbtnLDTckg6yUVho1,0
H8O1z8p8LlQWSI98eGl4X7RtLPD2,0
B3QbrMswB6RosVMO4OtvlHi73Ec2,1
3YsglsCX5US6WkSzHZAgt5F1C1y1,0
9KCtOKDALHXZZpzXizYJxBQ2Ulz1,0
y7dTHpmIaYgPwbazH5f8o57WHoH3,0
KzArWjCjApUOIz69TPVaZxSKQ6W2,0
RvmNXu1ssYaqxW3U5WXnX5aNOVU2,1
a1BWeGHqK6f0KyevbStawfUvvK83,0
RrdJGUs5gtbagFUqPyOzF19r9Sv1,0
lN052zCWrOOH1v9C4wYibgJDZA62,1
V247RjX91RY4fxtgfeWjvBhg89s2,0
IvPA6FZJ5OSNOllqglmE2mkcnz83,0
5YSIWpZPYZUqG5rGievs4epu33g2,0
5tVbqoDLs6PZKArvhcMTZcgxruo1,1
0RHdUsu2qFMmG4dhpJd1NqM5ZTC2,0
Tjh68I4MImebZJrLG5sJMGZuxT32,0
vBRMIg1ACdeSAFmcWnII6ZkDefV2,0
OCFaQR2Fa4S8cFiEJE2HueZH0TH3,1
qyoosYbdlucXoQ1cKkN9wzV6vru2,1
bH6WQVvClVRDer6iOFvaGiz0luf1,1
eD46zs0Gr9Rm2dRnRvkdjI0jc953,0
9OS5kJE2owbo0961Ni8cqM4KJL52,1
mLARvz7XxoODpubk3Q53K562JVf2,0
CTnnDvwNIYTb6tn1b3kX2rLYaiJ3,0
VKV5w2sVwhequJqUVG2kaaGakiq1,0
2jFheyh8bLO5peh0HPYGYjH5N9x2,0
rlklHwPKGycGalH7q9XMRnUqXxd2,0
8rOnZOCPtDZeJwWSQ9ZTH4pnD9l1,0
OW5RTM4WXPawz0QLpsfjsl4FqM22,0
CkBv7ZLYRIcugw93mPtPkbWxC412,1
eu2Hm19FIUhs68KsWGAlCQ4WVc43,0
BVcBPtxcv3cqEdIkhjM6YenlWtb2,1
P1FePApIBQedglthtDiBvs3G84M2,0
LasObOSE2kQYWhWkA7WimXxhwUE2,1
DTvGOScaAzWfSBXf8B8uF916AKP2,0
2BdU00Hv7XWhJQOz0TiyeLtvbAG3,0
EXTWYCHCzyc8k6PE2L7fAqqAudA2,0
Q8ADRNJMa3ecKbRrrVWqBsbNmsL2,0
6igAuPMTp6YCmFo4g6qp9Cj8t1k1,0
0bcMNFt3dlPlUPTyCO8DVAlbTUC3,0
rf6smT3AxxYh5E5LqwXPy0VHrRr1,0
DZmX1dGK8KdmY3WYQFuCXrVWuhk2,0
1kXfAOTvLBbCCcTBJOrHUFzARSo1,0
pbXQf83tO4bPFQ0UZjs9HDE7i7r1,0
JuzR5zpE9HU3NsFabIcz4Kkp0Ag1,0
05acPS4aRGfvuOfku11Za8zve8i2,1
hkALlH5TJ9Pj4tbOCoXyVPtOIBf1,0
D8gFH60PUrfFJEG2wXhvPCeTRCq1,0
nWexc69oEiZ6d1YP3v2CDJBipkM2,0
oT3KtPYs2CSp3MKgmhGPbuK9QIp2,0
Zj552DZntDTpdVbrQhp7KNVL9sC3,0
pT9egK3TaHP0NBelDs9O5mhOPLo2,0
8t3IFTtBOVOtvpX9aX2vryuhSaG2,0
IkdWn0v3dAU9eWzsf3rY8Dwgf0V2,1
av4p9I9aBGfNYwrwkh4jEiEk1lE2,0
qqMKI7lvNFO8aQqGkWs0lvww3zJ2,0
6EIX9NrJ1oWfURDgcOsxZ8j4z5o2,0
pLk1k0G3cnbfzxENxL8axlc1PTj1,0
vqIREUmn5CMqyrMHxlLVmcuN5qW2,0
zHug6OwMsNQnCCKu5TAiHKddqer2,0
CStOCq03YfgBopyDsibRbZlahm13,0
KjPE6JknuWfX4UQtWrWP0h21Bmo2,0
C1Jk83bZcXQM2lljEqVIr6OfMr83,0
y1BNWatVkKPrYY9TfvTnWjZVaJp2,0
E3gn7SKrMhOK49iJSeIAEa1s7Kb2,0
Q82KnSDEDTc0w7CDj1fSBntRTyg1,0
v8s9qaC0OZbY4OXHQBR5Nb0juq52,0
blOvr1s2qrWsvkjA3QskHrSK9dp2,0
yJRZfiFIsQhFptP6nnlJp825AHF2,0
LVfs0kH8h3YRSg7J3Y8g3ufC3a53,0
w8GzYkRUeuVtuONdQbOrrFefVco1,0
1gimjLEgqBdoHReixdq8HlEBfEr2,0
OLMx2P1UahSgkhGyN5zLHZsXMo02,0
4sjgUTKdPXcgwHbPcqEtB6WA7XB3,1
OHIo7PN5VJZoQefj2perUPRHsDn2,0
TfuCgDdguMVRpKIAXs2kINT1Yxx1,0
FabhqSqtVOSswlym1jLjDOsiqHC2,0
vulAApAIpgcosLjfJtaN7Rrp2jo2,0
ZpsUydPUXygszeJSVtTFjbsqoNQ2,1
LAGGMvR7ScbjwTmMYBbEBfWRcN93,0
eQQfGXkyq4PbUnshUIBuHNt9jcV2,0
xMOI1306iZMtFQ5FCNcYraYUSDA3,0
14bqYTAafsSLdCtHZVw1gavRhpd2,0
3BUB0leQxthtm7CndU3zJdUktrK2,0
dDvHec65MWh2REqq5mABZJvmlXI3,1
UhGuA2vn7sUfKJRENR472IxQaEu2,0
kBFDtvAVY9QYbi7YHYgd7tNpsWx1,1
CDJLmx0CWdNRiAvgFwn2aHonth43,0
pnoznkafNcbciLGFDaDsiyKzf4W2,0
hqzMroQpC0QHDRI78EvbdmhgksU2,0
lkIyl8ZSqIVKiLcfXF6cez7i4o13,0
TyKZXsSHoMO2h8aqmLNlpaU2FZ72,0
MxWWtrKw3RcNjG0Rmrw9Rt4YD9E3,0
J7R2UkId7jU0aOSw5amaS8zJVIm1,0
BDygu23lyUbBq2NlqfzRxGoMm9B2,1
ByJgkN2PApVkDJfUN5wp1gUuxt52,1
cPASvlDX0wewuwxfdbJgqqjYEH13,0
dwCHWFYULRfluqFV2B10a2aUavI3,0
pIZi88QnOcUv7rOGz8iHLw1r2XI3,0
466aPruIIbOEG3V1IaKzu5O8kun2,0
Ms3fiiaGeta2PNzjXEE3iMBmh1h1,0
u4k3fup3JdfVBjA86vjrMVth3063,1
t6twqoKKSMOJdmehEj2gbVo6Lao2,0
7TCSKiPfz5g0WKicjrKDC0BGURI2,0
26xevAvhh4PSIz1ls0QAwwfz89i1,0
zhSebSRltXd69mGoGRVeYZ5eQ3l1,0
YAw9rkwSGUakz8LhvifMQk2JyNA2,0
iaLzL5BAVHXg0Ng0Phw6WMZHEkg2,1
ZuysSjckdLWhDEc9mARQwWpXfIj2,0
EXFN8iHqxjXW7ApntIPI2qxQiMz2,0
gdt5iG6NWAWoK1edYqNFXUuZXQS2,0
Bb9OMQWb3GNbJDH4gANBkWJ4Ihs1,0
VOj0YLhyFhRIvXu1YYcWHVa8esT2,0
UxRRwXJtdjRZI4pgQcHHURVa33n2,0
uZjB5Oxr9zS4xZn8rq5ubyAp17A2,0
6mCAHbyEebbEDkxHxOqihoJRkX83,0
i0reS77d27TfHnKANrEGHVZXkLw2,0
MbCfQyWYGIeZ5m0BCTeiM1oi7282,0
xO54amKmQMQwbMoSbmADa6Wa2kK2,0
SopKRSJ4JcY36rGE8X4wRE7vPHl2,0
JqVURYFKRWXXcxYNrqGTVte8IIJ3,0
LW6U5C8CENR1PsmldatYGdCBcYg1,0
3bcZt9qehyWmDKvJeohIgrEwUsL2,0
pQIRKYbiQ3ZHhnVt8CV73OvmBUU2,0
I90bUGzBTMZpwCnA4eWqzKkq3362,0
1yXs34J4y9VaRQSdwgm4NVWs6Y12,0
pvX8fr2fMcebtfWq2wXqyIp56PL2,0
BHFxu6LIoWfHOaN9fXmkO5xBXyz2,0
BNbiq1U3xWVT44hg7Bl0f8SWjbt2,0
ORaul0HINZblPYZIFh9V1g2G4q43,0
WrM6hLW3fGbGgwpWSZT9HOSU7CC3,0
qDaEukMgm3YGWKR1SdJqKIaxG6Z2,0
HRtlc2Oedzd7Q70BgFjlJGMbyPL2,0
IS3AoZuo0cXtuYb2aDWkrIWTciP2,0
hrxbMWssnVa3JHnqQ3CN8CE6QRE3,0
w51QbggHBvVnSSNG5tsEgScigyF3,0
O7eAgc4vq5fZQmGh60gDaMxOjgz2,0
FNjPKyX47sUuQlzMc1urJ3VB3YE3,0
0ujmfEsuhJRsGfbW3ttpSMjwJi73,0
un5dW3qbK1XkHtuSID6elzexvr92,0
fuZ1Iu9k84gcTbZKIWElwq2RsLo1,0
Ruz6RW2jXUVDXkYX7GsYC3hzagn1,0
GuZQNW2ktwaUr8OxHPLN0iVGy2G2,0
Kbvj1H92OLaeQy0YWHkPGvaH0hw2,1
t7dXTi07q9Uu8jKWAkO7FvTGD9c2,0
IBjSkzn7W6WpVSw49EXPM2ME75t2,0
QU0kYVYQgiS0fYWCmnHC0cGrW0o1,0
RP28VzHbG0crJB2RnboqUaM9SRm1,0
GZM32y1Sy6X9D9hfrrvpTdPfmoV2,0
VmwzvNbtzqbxJBXAwplGb6MMWTj1,0
2ACkagjqT6NFG3zysVS1cfoL4Ad2,0
8XF2UFLn3Wd6dHHMdOlcGbQiMqb2,0
E3X8YtvZzYZiXwBevZEAByJc2v63,0
HCsgRpbj4vdEXoAjjSDJj9vQFbB2,0
tmguPZG0j4X5PktnGJyOYxVGtqW2,0
bEzlLV5ZV3fSBFl6JLs1e0t3GEG2,0
YzKbMCpZxMRoab1o1d03S6e8T5P2,1
ri2VbVnIcMNkS8zYnXrLAXa1dM92,0
jAP3y51Zjcd3gkB80PuRAfSXTGa2,1
1YKLwejE06Poo1Whg1sYL3EC8sz2,0
pBB2aZFbLCMky5VPRAoWIClKN2Y2,0
h6fnYcaAXxMQWF7H5QbSx4PVajk1,0
yWWeEGFFbQV2s7QqXUQjSrdp6573,0
dPi1G2i821MDlbBUQWboTaExz023,0
gfAVpM1IV5RhiO6CAiOjjn1AHVG2,0
CZT9HTBNgaQrTVKBjIBUtlu6Dgx1,0
tkr2LeHuJyNXW3uM4NUZBmp1qIb2,0
WedAZ6DrnjVQSxRJY8qRajogvtD2,0
kOVQkT3hXPSecuCMdUHB35ejBAl2,0
kufd2yIRZccwghYMiRxdc1Gc6VH2,0
EUjlCZyR0xMbOH31Je8knI3UdKO2,1
bixijc4LCCRqES9K306RjUCIHsJ2,0
ByvAxiKJC5QyNZi2YJu6GyZYgPs1,0
hLXcyDliDYXrcKna9jaDwtryhK93,0
AAFe8wVTf8Op4UTlq1QJmCyBdK33,0
xH2X6KXzfefgZFURY27gKT30ysR2,1
BMhTCbqVnHNePVbFulnWNu6ZSUg2,0
TLuM4QmyP5QZyFdkcbXWeNhWlsj1,1
FIgw7gymskPu3RGgk3Q6GeSH7yB3,0
aESHvWgJIodaDacHGg6i3o05bYo2,0
ibsftXiIIaTlmiN1fVp4MjtS9Hl2,0
TBMmcughcjOlmcYhSgn2Rdej1D32,0
sQOS8ZFe4wN6uXSrjtI5ivCt92C3,0
f3NCnb7N1qS2qraT8fdnW7BVVCm1,0
K0LmigcBKlRdTAlrCyfmBJaQJwk1,0
78UvO8TmtycKb98kr2eXeDdLpST2,0
oabgqJNwZpUwhlXxXG67cTLlLv42,0
aH6o5lYN6vh40RCFhfyBYjkQVH13,0
lzB1CcCk33VjfRiW9vbXkplPO0r1,0
CrlV0ddIqdbtxNnkIhtPS5dvoX42,0
AlM8enXWaFZ96vN2KM98agcXJvx2,1
nY6Af5bvitY4R8Vp4KGFTFUkdio2,0
3JXWfUZsCThwlwp2VuuS0LsfrXD2,0
mM5KRWXtilYLsOILvMB2WdRVVC53,0
85XodgEaKrPebeSPsJo2UFaDlWj1,0
95XA3QmnULQ1KPlcdw4RDDKnBhH2,0
tLK9Z6BpfWVDFV7DQKMnEy0Woo22,0
an56VxZWQ5RKFCHxW3Y0NquAEcA3,0
AVbhXf3KiUf9ZmkjvWzDOxevAPH2,1
Y635Ri3QFMcOKC0ckXgW2r0xJ422,1
rb0viHBCj1fiEgWX34QcL3Zv8B02,0
d6tJkKV7x1TFBe8WNnLhvLuoXgd2,1
Ouvxbo8RR6Rs4u9EMksEqxP84DW2,0
CGXh77ubexNuv0UUmOHVCnAgurY2,1
MjbZoe5Xl6gQAFFZAjORLjIZoC93,0
W42AKc6SZlNz1NOBAJrCpa3Io0E2,1
XzIjEtRHHPci6Zq0zb9Lx0d6zEr2,0
fX1IzMBBKwXISMTgnZUFQa6o5Rh2,1
oNB3E8WhVsOEhgx0sgNm0Czv5bK2,0
Rf8ndrjS3JYjFU8F9TU5879SXRu1,0
okpi2sQ8U8Vmf21zXNO6kCgks5y2,0
ArKST1jJWqRPPvdCu92MyQoGs762,0
M8Y156MBhmYtI8n9jopclvzzK362,0
XGXvJt5p7wQ7fcvMbdN92bAPzZE2,0
BjSaOnCo37bIz4AgpvWPiAYqwzA3,0
lF4uHVWCoBPlnxvapmUJ4ROtYV73,0
aPGmE5oG8zRtIVECwyuUT0ussn02,0
HmLWj3LIICf3jJshJCvZPdw7S1I2,0
hte8VptUoGVFEqvHpbh5brgfcNP2,1
Ahv0311uRogDaFFI4X22nzsNVvK2,0
XAQ5xkTIEHXSPX6q02PJ6WvPNuD3,0
P8Qw2Prg2BRb7H72PbY3Dftp9Rv2,0
YNkZcKCX0mOhKIUO2VRQQd63ydn1,0
VhY3VgRdsbasG2EvYQxcYDN7Fw72,0
CbcXlISWX6QO53j2LN51KavaaBz2,0
b3xN4I45RJb7nxHBRUd6Q6yx3z33,0
BOVL8U9dmKWYsaPdV6b0EZkHuNo1,0
0VpjgRGE5kR8uTEhksBgvFR3xlA2,0
zNNcSmfHhTbjLm5NcVmrOAf5C2j2,0
kkQosHE5ayf0dWYbVFhLMElqTem1,0
n53G4OdIz7a5kkUyObojHfGBvki2,0
bGAOAliULjMQIFSvoMFuNCedl582,0
yS7pj7vgWyMU5nqgYXglXiTcW9A2,0
QLfHliTV2YMbuC5y06vcclyWdEF2,0
tFFUbYL9nSNEyaBK3w9UAtATcgO2,0
ipBVOuYKjmSBDq7O2y5NOwH1R2I2,0
YRiIODBG3RXPbDttwztMhsXg1rv2,1
xh2LPx4DZNXX3hdsmHa7Lk41fPJ3,0
zyX6JZlkhxayEeUP5SL4L6WA1h13,0
ReILZl8aPPQXHUYQzD2AUzuEF2w2,0
op1WefhMk4PWXOP5mzMctzOWM3x1,0
aImqoeTbibTbtdXNmH4F1qc3Jr43,0
FLNZB0Us1PgOdXLJUC4tmsvRrH43,1
Q9Dz0jLgNVQ2crXg9QNoObk2JCu2,0
VFG4CURiubQsHbGiux3co3TyL043,0
vK2bLRNzllXNeyOMudnNSL5cfpG2,0
QjBZv868nydJzk0ZzwgKDHSG6Q82,1
HtCYru78WihN83VInC0etddLCv62,0
giXzRAAuoRRAg7xQ9Y56DX0FVDr1,0
D5aq6FUMeCQal79ePD7UZniIyF12,0
J1YTIleE4HWC6wCg1gIC1N4Hgw13,0
stnT0xsBXhb159fZrbzN9kwAKvF2,0
qf3n0FsFJkfsUbOFngrrxDd5x7m1,0
0xWyChUEHYOWQLxEAL3ln4FDtUL2,0
LyyyoHyVVygA9sFTiv5SWaaUR2E3,0
Ww58ucOI9ofTXq34sGGDQmx7Qwk1,0
JIafPire6JYhDR73srLG2xmrdJk1,0
7eqeo9k4vpZnfRc8T2OMkelZFzC3,0
eSJm8nx2ygT4ZzQRzgYKpJiis1B2,0
DeMaRSg6lVO7oA6v9HK3mbWjr3r2,0
VWfBoslFF1fFUnApuT6svVPDbi52,0
5CuTYRsGM5QRNjG7HejSHQh7ULi1,0
sFzDrYGKbIchB5f15VDxz4iqKow1,0
4BsVbbiOh1a5X9UgYOIPOj3Hsi62,0
n4t5cgNQKXO3F8KP55vWOgYWcXC3,0
URgU2WswGtQp3hFNsrkdGsVxAzJ2,0
5Lln9rjGG3RqbQ1bo0SzlkB0vxq2,0
t0wrpS8L5WamJS9NhyjeHAqhaVv1,0
MEEGIoNSX4exg4oIL3Q9MdysPJq1,0
JOimE3qKkOWxkKYIDBvIpXgQ9HJ3,0
HS29AHf2AIhz8129o1BTxPfaFPT2,1
weDSWB2g4cRfj2Xi6DfJ1DCouZr2,0
QQx7MsHhXfPFNPjPAydYMmTWkpo2,0
gX0K8ASvV0epRvdo50i3a27JEUC3,0
60Ig4PmU9NMqKGDMR8Um0Tc2KXB3,0
srdG1jMMYHUtAU7bKP1dsbwJvxv1,0
kOBN8dMQckbYR0PtSZAxOciIcY62,0
MtXoTPXYhUaIX0skM8V3roaz2B22,1
GpkFX9qB33ZsvFG4HWQHkOMWjFW2,0
6YaTXgSnexec5CPOQg0EboLqnJJ2,0
AdRRprqo5ZUuLMOPs61ZKS6vrdU2,0
6WVdsp5LDLRRfYrfiR4BU2G6wve2,0
UhYCvhOCn2erbzJc5faN4ek3D1I2,1
kIHldMnyvmXvpLq0LjWr7ecclSj2,0
T9yi2QIANkPz28yo2bSNHTtpyJw1,0
YEPHDMGy11bhRKUTSh5vHHfRk4K3,0
Icj21hlLQ5ZwFOgpuekc0Bn7Ucy1,0
3CMQ3nCRdaU5K8pfUiqOpzUgQRz2,0
Gs2gwBq34aMMglNC9jqGHS3ZzIs1,0
g0gdNMhQIbUlZRTod20TdtqafgJ3,0
7dibZ9sOTyYwP45P75NlmZQksjt2,0
59dIvwH1JDU9pHbH1rc3FoVlJWl1,0
iZa9QuNqinWMeMTdwFstfYRpw4J3,1
qvKy3g7enMOhjEGqHPtNrrrExQl2,0
Fps26Qa60WYbR5pI15KzNKSeLXG2,1
n7ewrIqB7wUuK1FZGGjef18jtb52,0
JXP97RVyVfVXVqOPULghR8pY3q32,0
f78ZFmqneaOWttg3xhtcmO4XZOu2,0
DwCHgxHJFhf0nAqiQfHS3lycTuv2,0
cfZUmZvsecYVKw5eSi4qIhfJVpI3,0
j0bgqdkBSRaRrpBmJLa1MkkKg593,0
tdqx6pwgAaeiofZLQHT82VZcUf33,1
jRjAYMmAQee5uVm5fU8yVnpuvs33,0
zxRJaPEBRGX8uH4egnctWAuIuy32,0
cFePAw64vTSRzgy3ZXZFGC1E7rS2,0
Xq0KTVn9T2TQhl644ZuZHT5ByQy2,0
6Tn00kNMgrhXRNTtafxIoOoodgm2,1
90jN60jxwIMkR1qknR8Ziahvbe53,0
cAdvtOxMKHg9hO3IbimCRK9Vooi1,0
2owO9U3KZ8TqQDrOx6UhOiA2OW43,0
70rp2jgNpWU7FK3UabUcNvIp5us2,0
QU89L9WuhdW74Fj41RQwBPCl9Vv1,0
hTXACBsoo2XasDWx8U9y7kzs8rc2,0
gjF0L8phdmPxc9az1muox66bQD93,0
byVsWVHvkgc9Pkf4lUPOGSdZ0Vl2,0
XwiK6FSjg5b5RuQQFYmz67zSpYC3,0
kus7obTENSPvUNbwD2yi6vUi0x23,0
05bieNLXPuaIWEVaX81EkbbjVrh1,0
UWYfIxsL1LbICfxxW9dzfYDAgrD2,0
6d2och05gaZuhGjLC5rEVdGPSsS2,0
4atnIFwUK3ZZTiWezgLwrvHHOzT2,0
pqhuVm6oPbd3A4FSf5p9shz9OO02,0
5eEXozx61BXKT71PLRaQASRcC832,0
z3dpsRp0YuPntedc6sgMaRfW04t2,0
yiqapKfcyIPAOKlqOxyU8DDANe63,0
awro2Lz4F9SgVweiUzROf1IE8GK2,0
38CylWLQxybGkrRABrmg63KnAJd2,0
913nkZSI3KeVWwJ7NfrfNFZGcKB3,0
KcO2p01LdYga7563y95BkKII9Dh1,1
aC09qmwnQ6MboJlAAdxf0DGr9Ay2,0
CwGGsPFeFQPwRy8ba33e8SXGS132,0
GzhrTQhWHSTwvweRKx2x1Uh4wx52,0
VQVtmKC3HwVHbY1xMTued5OOP4E2,0
vw3Nw1Gmt3WA78SHAzJwelNRduv1,0
Y5eS0NFkNCPdRy7EFiTvm5QJ4qO2,0
g31DKGN9FreFz5HQtF6z732O0LO2,0
Lo9OvxpnOmSsMC0qy4rwtXVamU13,0
nkSUWnQgO0Tn7flFkVp7CrdsatW2,0
N5TW03mmoXTTHqfhENFFJgSA8ni1,1
bk1oHM5vebe9ZNtgyRq54UVOIQR2,0
7J57fRRIEENoMhm7xRL7HNxh7Xy2,0
RY495l51qRPkLQxPMtN65Fkzcbw1,0
mikiKeqF4SVTeAyZiLFsC6FpGEO2,0
eqI4Ht18bCU6HbJVycb8GgXRmbU2,0
hbLP3s7RLsTgaMSRNWkIuuggpyL2,0
EZzVAG1b5ef8VopTkIROvVbYGml1,0
wXChdMlWemXwRdX642WnX6JbYfA2,1
4drDZUlQcteX5StlFT2CXEL0N0L2,0
iwhEG3FaU2MHsAPbfTtG1f5B4EH3,0
TCLyqYcr88coeJe3jnikuqyjBvs1,0
rsVzlx8x0INOnHAt8Xu6jrxeGqG2,0
yMJAWvrwJOUbMR0ev3LeqgWr0zI2,0
2TkAK2YVkYS7Ux3hAPBUgYgg9DI3,0
3W9lHLbMzRVftjy3sxNnXwOTy6q1,0
aTSU2ShIvnMzIsWQo2OoiyLxIZl1,0
RFqBDNt9sLR9PxvBliE1JhFVzK42,0
IQSMEGOrc3XegUpIARWm07D2K2a2,0
HHXDoqaHN1QbtSZkgu37f38RGqh1,0
tM8IvvHCyCXpEsx5T6egMVLj7Lu1,0
M1RgcbGDbWbsxNkmPHlrh9J9n572,0
YjUO0QbUUAUJyUfgApL52jRs8Z52,0
UnNfJx6G2QZjr0opFlCkjFRmAf03,0
Hb9DrqUzdCfKOQWYs4T85y3S3Rl1,0
l3umDXECeOUTZH8pFN19c2WM4m43,0
Fsy78EiP9pOaFmMc6VjdI30SMvV2,0
LYJToDRYDZfpjBuNC6YkUcphr0q1,0
RUG3ss3JaEVElB4LvuOrW8wC1pD2,0
JecvGmjPyEVl7y6fupTTp6QZvoJ2,0
mmg71cttF0ez7wdeTZeCVFw7GV32,1
V0Wtp76p8QaDtvEnAsgSimyMspH3,0
3xebjLX0tvTb7LwpMw7QiNixBln2,0
FtDju4lrx4PqJCMCo9zctj7IFnV2,0
H2taWn5GjlQJaBy2Fvw3yp3zabg2,0
Qxsv89ELtlUniEBfEvmDldEdZBy2,0
rGYIwhkeGffRq318R229inpudYg2,0
jtlvbJgDl6Sum26M9Tm6uZIXr6u2,0
KVKLfU8zZ1MEywuVYflH2KYOHr52,0
ZfZdmrhvFUVDL6jqf0GaWC6rzia2,0
hEj6K9BJ2Ddv8udX3Vw766ns9CB2,0
jaaBKWGuppchj0ahnBiFzFeuBB23,0
3OQBJD8fnBepqWPGQT3eTozrhLn1,0
1BFTsgEVsJdltjiXvECDOi35nT53,0
2suYua5dbdh2cSreNFm8flktMEc2,0
4wRQbTA56AgZ27o7Yq6oVWUzR7A3,0
JJAEXqn68kVaaOsFjX7n5Qehaws1,0
n1A8G19t3IR9wCUhfv5sZFF9pvI2,0
oeUYi9pKtHWMWaOPoKCjBjfOSHJ3,0
hmqyX7Xq7gMmLDSmb7MtmLc92R93,0
k9c8ik6XlhbYFnHoXHqyDIQ5axe2,0
4pSWWWdAaUd7s2dh6eXaaXeSLIO2,0
f1tDfcVYVlOPYBAWP1ZDMdGER4m2,0
F349Of1rExaZ82Od6sp2jEzInKj1,0
VQoZTPYiP1Y9pcCcfBD1yDx5bt62,1
sEXwP0TZ79eEEbNZR1KRl3nLvN22,0
QKEe27GzshbGSIGQZ6nB6lpLb7l2,0
OmMVi6kdnHbu8sKZsh6HsGHm4Cs1,0
eP8gEM0KcBU6S5JpMdycX74KP3p2,0
A3uqqSyxT5MpzFwc0dCpiYRV4w53,0
4achmXwhZ6UIFduMW6ShHrJpRPV2,0
j0q8isyOE2akw5RDUOV9whSwNDW2,0
ck8pNfygbfardUsaoS2NNVvMTt83,0
JCnMZyujiFf0m2QpwIlpld2ISDF3,0
BRi5khF6PxMORMTOXjeS6r2dNqt1,0
KXQDb2qDnpTQTTqx3JivfvB8zz83,0
tFXAov3QpbTvPL6gzCSwAsTSFT93,1
jQDuUZiOBuOuEfF28lMPmnCV0OO2,1
Gcs79sztbbauDn62MJa2xq2jrqT2,0
YHHZYBxPHsUWYITjtMRAixs3DX42,1
Cd7fkliPM2ZUM1skytvoU2vD8jK2,1
9g7Qa5FMZgUoDcKvLIPLo7m6mOD3,0
vfh8Qe0ILbWxIEeQGC0GWyLe3yt2,0
6MOH79fX0ReMHLdJCA5W9ZFBYn42,0
dk845iIpzubUAv2YuoWHaWTLRAv2,0
rAPBfRm8PdZvmMY0SVTQCbN6hhE2,0
8XoAGDSPjVWjpjfIDHrIiHd4NEC2,0
euld60aqc2OtnNoKYx9P4WDzVM92,1
U5bTmSt9PRfWHiGleINUHMl8cg13,0
7IeLM4Wp0tOmjNfel0c9yK9gYVV2,1
IbHJbk0Rz4QkL9zRJzb28SEDxJj1,0
kbznHTdWBpXO5FWTxPmJHRhgW8J3,0
6FftFl1jWlQHb0N37KW4ajs9dqH3,0
Akn9RWpa1hMNtsrYVHGlBsmHkAB2,0
RN1h8pdpLkMEdRKNVZvFJZqWfGD2,0
yHRFkSwYEehBF4AtthYzXkR6jUc2,0
qr3tupBiFNgeVUX9N4ct8GigLP53,0
xtfp7P3edRNGnQniJlEUvTXGPoq2,1
4pzyamXuTgfmgVGi39RXWSfNb213,0
uJEVN893b2Pntd1Ck3cdY7RZZRo1,0
CpB4mhP3leTMxJdDG3cD3xMN2AI3,0
16Bj2AtAiXhPGR3r4ZRjgcWTmGe2,0
76N4aFIJXScxI1iHeSsihGmRKnv1,0
5SHNxnq02ygR1L7LRTR3gASXpHb2,1
a86P7j0ZQccywZYCvzsunFdDRaV2,0
BG1rEPoPYKUAHCYVzPrcB3I6VUn2,1
Zb2Inq1UVhcMnWA41GpKyRdF4z62,0
JxtCdZIjW1VjLM92IYEhw3xz3pS2,0
779c1GiOSsSsxsi1PrMGXwOrIuo2,0
3rQH10GnP9UFC6WD8iVbwZLI75K2,0
zPFIJ3JDo7P5qIIdKvELq76kYi02,0
IFMid2LmeCTSQAFaL8wTSUg20No2,1
nFYEOudV6AXO7kSQU7mjyezJXUw2,0
Y5YzktJpmdMp3h3YOTEWcxE41F83,0
6Or8DONUwObeo4MH2Sbtx7JTVNU2,0
DINJ1hI4xpQ0fcf7TsZN4pjXrol2,0
PfuMI67JW2h6z4MsRDegrhZ8FSH2,0
LziLApJbcWWu3MzbIL8k6mLdyFK2,0
AHHrquikw8db8IuCsKUXqunYJz73,0
3oM1GutSzARkQnaiMdIUMOSczz42,0
hCix5UmABWZVW40elRFgkGabPa52,1
OuoIQIvPBETkv1JvPOpHjGAK9UJ3,0
lQ1cBTWdazLLa7xWAiSCOmZ709s1,1
f4wYeTyCImQ0BQiwBOlScS9C2H03,0
Q2rqPfhdilf16SbycBrtJ4gQ5Ep1,0
w1TDsR75t5PsGyAksqF3kMQ6DXT2,0
6qGIqJ2gx2h8BJRLD5YJE9zhiRG3,0
Z6qimRi4c2NDdPHsocMRk9IlgdH2,0
UJkJrzKjH6UQRZF7eHhUQVQwCHB2,0
L5tZkFTeajV4uDCQnvbWLNoG5az1,0
HhIoOCxCe1Z02gC8qa7RsZZ8Vz23,0
Fohk6SJxcJVo4rtuGD6PMwJ9qTQ2,0
l0PKph2FdVW5pGpo8cXFg6vj2DN2,0
8UdvlhiJqYY2AWjGtBu0Vd3SSTP2,1
7MWN4jSmv3QD2sRi12K1BNjmct83,0
UEJ4NxXtJzPJ5U4DPWg188b9dff2,0
4wVvP5VorLbLaHUEGcgpY2WPZYE3,1
5q8gLM0yCrgGCT8F9fWlH4ycl1D3,0
yfPjZBFWOihN0YDhKla7wWDoVCA2,1
jaNAcGlkQvUYEcRFXm5gNwnOOn93,0
MeUiOR3KHJOGkU0rpWsA5oiBt672,0
xFzTujSkizdGzHg8fPWeETDDG5R2,0
FLhjsgqrgQMKwNt5iEryxG5sDlW2,0
5pGi7OUjz9SyuylhXvZQ7rWH6WW2,0
YwhRHergRUamkPHHq2Vo5LA0WIw1,0
TPrDC0bAYpdmhKxfDzCivJnfpKP2,0
8Vz9jwmadkRfjbwrHwGZ2MsUtcz1,1
hP0R5MMdSNThSMZ7TNLjU7sxyws1,0
ygiPwZYsKFetOejhxWXB6rKSHAf2,1
sGG3SWYeDtd52RBt3dMM3HSv8SG3,0
38kz9bimrcUUgifY8S27MVR89eN2,0
iwgKSGOJCSXNupqJWO2JeuT3Omf2,0
96vge8k4YhZKRuYBP7T1WVw2Ouz2,0
kDI4V7d7CNOZp3DwAK825tYAzsw2,0
xVC8kMuWNme6VSFOvNVT0j21Qw12,1
nPnKdupHeJQ46bqslx7STREbkXt2,0
hW4d85xBzrf1VE9gotLdeSgwXAo2,0
2oEWhawfKmanWlvgQfkdkmgoJ9k1,1
5FcCm1G9aPbjeCwnAgd7UUQFK062,0
pOWaDLmSdob8jJcu8rxztAhHRIo2,0
us7APpurf2OG6PGiYAvqrE4fZtQ2,0
itvtyBYukyL63vESDviOtQzwGit1,0
IVQDOUP0a8cwMvCkp1TnZ1FI88Z2,0
pCvmqsHirKcCQyWTKFUJF14jbTH3,0
QOmSmWWvcLOxZgzrV4u04ByoebE2,0
UXhG3vgoxkWtd4Meky1nm0sRgMV2,1
YXqC5B7h7iQZH3RubUFG6SBvZ5L2,0
NRG3cVOEhsTaVQeeNG60tBv247Z2,0
EPA8c37Cb5e2aaUfisoVCzoxMnT2,0
cQEUPCFkSBfwuTsWap02ban51g82,1
jRlVIgE9hofnOP2Lo8He6ebcecz1,0
RV4V6j3c5cbSb2B4pY9vlF6kbeE2,0
nE9m0JsRXTYoni1nN9LpiBJJJXJ2,0
VrBIdIVnQkPbR9D2Gi7WCb17ST62,0
7Z834FePKIhCrPJPjkOE69XeNcm1,0
4gkSRZ0IWxVAOJSuVEFhQqrzIYx1,0
6IBOagmXVWPJaN48oiaAigwiDbw2,0
Y7RB11Ha8VNbBDjGoYVuIxnpYKA2,1
B6X0O4W1xyP5lMLvMIzc4fGhQSj1,0
E3nlERKGBPcSO2PjEDJ6GrRKiy73,1
5ohNPSLiNWRs1vvHxKBj9odGFXl1,0
TaoyZAahOzRoDQRxb0DtDZh8Opa2,1
gxy19SDvEBZdJ7ZYr2b5sS2Fxrn2,0
l6n5YnEHttTxhcwv6q69TcLSpSK2,0
z1SsPGv63YeNLOjgDUTa2kEG1wY2,0
MEw5YvFJ1GekU8biV6qQMPV2CDo2,0
88mEmnYlbaPo3iQRZGn8Fbm9mNs1,0
QOOsSEpxcdW688dCIFZpYkwZzP12,0
vMGhws3ezYdCMfegQ6GXlLxmdGJ3,0
ItB1KcAWo8Y8Cy59mt262mXYxXU2,0
xb5Zffvkf5MqrUPju4A98njfRMy1,0
PXFeh2WexbZ9HXhXg6tToFfY3PM2,0
YDqGf8vnHSPjo3q3PjdkQ5Pm7C12,0
QFxGVP17oxZUKUsuaW0O32qFdoT2,1
T6a1ltY6OiOg38ChVI4URNFmGe23,0
A58ps4OZgaO0Y1E5rbeUBGJAxiW2,0
HltnpdE31PPFAFYRdJXRXokmdUF2,0
VtRlegQfrDTPW4WxmoW3iJPzedQ2,0
GKhkkTlN0PdIgHoEtwXlRlCqMd13,0
97Rb1xwK1GTHQL9OqkuoKV18Zug2,0
dGYruZO8jma3p1x7KKIXmuTbQvA2,0
nDhgdZFoNRUBm7qY6tw3z4ZLOdw2,0
jppvqUD1X3VH39cGDRRlmhj4wu12,0
9qFHoE68V7RDn79M2QtChoCpiGo2,0
bx564wHvi9d0HyJTtdi0haZuU493,1
igcBoCJELsfzituxLn61lJybxgD2,0
pJV1WLRshtZDthXUILe0NR9WX6k2,0
b5dxDgKCZXVNYVrBLTjeV1rGoW62,0
PaLptWlM9gTtp7lUybcAaXGkqhj2,0
YjbEAECMBIaZKyfqOvWy5DDImUb2,0
iECdjKjowNVh89DwO6HqoRnaDtY2,0
8fdUOI5UtkZBCVFXNT1a4hl3rX33,1
4EAxuOcgN5d81JCmqo2YxXlxYNL2,0
4qfhsE8JMrP67YOKBSgnbOIPlKK2,0
56HPUhHPM9UEksAVgCDbQZcxsuZ2,1
FxxDIIr8jQRkvmA2rqn9rUGGXlI2,0
qhYsqvdV41c4THE9gd4ugJqIYW03,0
YR33hHou5PgrLYv2L1mLzHE4na12,0
tPN4PkMTo3P1oQKcYXs6WIFeH3U2,1
wr9fXFGgtfPzQMIXpgDlBU8I01H2,0
D31ydMgq8wMpO9OOGwxpMfOp9qg1,0
hD3OkVpgQJNlJSQxLgzqXzHp4jr2,0
dmE3r0LE6Yg9qmCd7aubpgug9te2,0
Ed1ZsgwOyYcEnpPXOXKPQd1QaS62,0
qndmFcdekodLGpiKxKMVQlrJfcp2,0
9sAOoNazDOXPars5nzlLzOwuYVW2,1
zOmz0TaNdmQfF2jUFkqUKuNa80m1,0
poQ11Wmw16VIjjkc6dAPeAWzf962,1
BvSvfAT0dRRNGX7n6wmIpOlp7W12,0
ZNTuppbDaCNybeDYGmyjJeYr93s1,0
xYCukI9rgMeslwjIYWheFtyZ6zk1,1
UTqsNsZQCThhJduOChbctH76Avj2,0
xheyhxTtPHMng1BLZoH0b9jgDZ52,0
Y0K7dqxP7WWsIjth3NfIHU9ayKO2,1
57DMikLLUefbXYKeCPuxp5Wdtfr1,1
kB7J1mRmiPbjIVTAgovzFwP5nQm1,1
kjPSx3B3tXf79RLmpSEvInCJUXx2,0
ZiwS2q40gsX5X7pMp0y30PUFpE93,0
YiFpl4utCGTCGxQHqjYMOUgKlV63,0
NxqOq1i4PtUiqBxV1wFUII9SQj43,0
LC266EVhXoa7KP4o3naQ6oZczml1,0
t36yqxelXtUEMy6tQJd8Bn1Kr673,0
4h4p5SvPlHaV60UB1wA0uzaQwMt1,0
8PvWScAB6UbnfrkQrpbqLpu7O0z1,1
9ypQNsTsSQYlx72wxTLrHzzNoAJ2,0
JLXdsKrUesSLpwUOMSqQFfYwtZ82,0
QC2olizheGbckya2rPjOWhn00vp1,0
vXpopcJJEugOInwUtJkEnHgoVhk1,1
wGREdkmvqncUfRgcia9679biMIC3,0
d6jLMHIh9wflqh7d1f7vmlpn4q53,1
H1Ml5J5BxFT5aJB3687GpncQjOi2,0
w3QJygDVetN5sPAsKTXe273bpau2,0
3fKAFFPrGTZTay5GlkoipIjRUPL2,0
LwOBSX8F07Z5HgRGLFS3aOQEVKk2,0
SkZeafTL9dd9dwV9nEbNrszqc8u1,0
NBD8pzxLyyYZs8wul5W6UUKBZbz1,0
k73r7MJLJyav5AF6DJS6LFQnvn82,0
C7Q6zEVYAZR7yC0DeDQVIYqfWCi2,0
0pqMnxeSybfQnGV9nHW3P69FSzE3,1
jaRfWYxsWjV2L833wIIyuivEWFG3,0
kaIGgo2Cw7ff8AkV7vzWQ1KArwm1,0
LG9JXKoSkeN9IHceg9xruqw1yt23,0
zAdXj9IixzaM6KUwFYIhXbNJnJ42,0
yiPghdPwkdfosD5DgpsWCwryhI12,0
ikYIaaUJutT91dYfNqA7iQoAQKN2,0
zir8PPnBwfOaT05GrKj9nK4opfk1,0
6VbC2mWfKiWVQPL1tHVmG5eCkua2,0
sh8x9M4ZeXXllQvCiFENINxFf9h1,0
goCuK84Tklfu22gFPPMqt1ZIjxo2,0
wgHmm8HnFkZXb1MypYI0nym1zz13,0
OAtQ58EyToOK0NsnlDdwpFnrwF63,0
2Kc88N5ZQKXucjghAP4Jzq0Dnej2,0
hB8ntHij4nOm6YoGj86MtZJVTyr2,0
AxuYWBN0jFVLINCBqIW5aZmGCdu1,0
maTMkkXbqOhLPOYLpGyMPPigDFt1,0
2n0fnSeTNiWvPi7aLxRrFsCGU8D2,0
vKxrwOtywRNOu6bZQTR8sGj0tbv2,1
cxchnGnCHJQ3Tjqn5faj2Sfqa0e2,0
8Ul16g4L9nP9lcp16BKh1X6cfhb2,1
nDTky90V1seGFJaYNa0m4Io1eYQ2,0
CkDhDGNX3iWEqDFJZXn9FrxPxYF3,0
7uVROrqAKPMofUKBkPhYGgeU1513,0
teOvCnrHvkhO4p7XASV9OXfL0k72,0
Kck5aZ8dc5N49j8UPNqpsoHrKgA2,0
VB3X18XtrRdSVJ8zDzdyKohlX2F2,0
jEkD1ffbScZx6wVALbrAhPz3w1S2,0
zw0pYfsZxDShQGV2HTuont8wU8V2,0
DXIw27Fbg6PgosoH84rFPOVaQ5q2,0
k4EHFQiMeAU0VmekEfZDJ11xpnP2,0
zLM432Aox7ZcmTXoglELTXNAVnf2,0
N0YQy11YpgTDM6243yERZXmKVas2,0
7CiFcbXjGcMnMjOfs4Y4ejS9LaC2,0
wfrSZJ0FrZMpM33MF8nQU1fiTCI2,1
jkP5JFFckOVBrO7AaRcacyXkgMk1,0
MCyZwW6oHlddq3Cy7QRwPHw5gof1,0
loK2K444HrZUD8Plzr6q3i8y4Xg1,1
fja76ZsTgfPWoDCUcwnRLI5XrLZ2,0
JdsUKe6JKBdfU7NZC6KeU0z2xKh1,0
sW80fLKGSiXcPBKFwnwRaaRdPKX2,0
m9MMgToUSXV8Z3BhCJF2PGOZCMS2,0
clTCcS844yb8ZbQtq8EwQANZ6p22,0
z3HiQpxpksYG6UTo9umAL7qWB532,0
g1nDdvDWgDhgbVDyfl6NyFIfPAp2,0
yncydoirUqa12tTAUAceL5zMWaK2,0
jzZNRqxGsTXZVZJbipHEyBaGPAI2,0
4U5fWjzYiROaFxurdK2BCMt2IIg2,0
gr6bSWC4ScN21fpbwxCXpwgFE2X2,0
6wvKyVH5jNcuBCjwHE7WvgbtaqI3,0
YpvrpmeZ2bRKrSUIWVe8a4fzSHg1,0
5AL2X1GP3aVAAMeMPnvxOCNAQlA2,0
iV3Db6t1T8b7c5HQY2TwxIhjbzD3,0
6eeE5vinOTT3eH98PW5jBcpqmom1,0
9LGZxIxgbgSheKov7FzsNcFIu4v1,0
l57TNYomN4Z56eIotPFe6hN1Vgm2,0
W9McKFKrXiTydseUw3gSUyTpROH2,0
q3DEiVNvlkNAGJq8LoHEb1TVPao1,0
YdfYHpfmDMOnsxTHmUESvpgqg612,0
xSNAaXDQn7NXL8xgSb4ix26X1R93,0
Fi2lLmV3LHR5brvXs0z1JSKDvnI2,1
9NFXTnUOA3h1BZqRfhnAJGlYfKy1,0
rGRvBhXqS0RSBDt1aVWxqfZc0i92,1
TQCxi7zzXCTlowvfaJyctxGYNUx1,1
UZKdFMia0JWykTWi6T2PoXmS3nt2,1
OTa3jtPjzyQC7FezmlYX3o5U2I83,0
FYINlRe3mfOO34R8QcT3skESVRl1,0
SOYq0vyRpWUxeRZyAeobsEfuXy83,0
NZ7eJVaMFDMMhpOKZ1ztgkr3fVO2,0
welbkeuEJpggaMpfcDyPgP8im703,0
y2ceQRvov6OusKPKa7okrqRHkLo2,0
vdaDi7xUoVepm15b98az1F6RN1e2,0
229rWq0xWbfGANPmsv6F39xhjnS2,0
vEuocXKs0mhMOO3e5l5ZWImJG6O2,0
75OYElXmxdQTQne9breAIqnSo7Z2,1
Ou2g3o2wWgXZuyjlZr8ZABItDYx1,0
nRH1xhm8zjOVzAPYuBMgGMQtes22,1
8J17ZUDTdXfN5NYwjjp1ANcRqbJ2,0
eTJRhMtqLcO1Q8rLtaIsALyTOyC3,0
t19ZtqDNiJd7nL1SntNpS8KQDO73,0
r5SHRp49MiOtkuPzoLHbDiVphkB3,0
MF5f99sONpcYl5fYsVzh32XwSmm2,1
xDgSKI3IBQNu2G3msYhxC7URtop1,0
CFkIEzwZ5PcogCElOD2K3RJQzmh1,0
L6zbMqqGS1et0kjPXmSsLUI3vz22,0
VRTMrYKsWURrc4AH2nNRiElqTxB3,0
Ml6JGK0BGDYiU7CulDVQnD065BI3,0
T02pBwp6UGagCMICnB4oiElAWUP2,0
f4tk6UjR0Ldbnq5tRfgYhT6VGqV2,0
5FC78ahXNGa1Mc8A3X0Bfj5sHIJ2,0
jLxswjEWjZQh3Wg6Dzu5VCoPhG92,0
aBhVajwUynU2XvqHDXl7EA9bVNm1,0
gGuUN1zRpINudd2X5CgQvDfJY0E2,0
UDsJYcNsh1NOD6LBl55nI5Z2dgj2,0
KHP3hql1ScXYRbOQJ7anrZXTiad2,0
R1wbQWmviENBtOcugCHjcmvRl6o2,0
OK2CZltrvfZbpTWB75LWMFqxfpM2,0
ptuwF1pj4ibIoVuZmt4nKb5naiZ2,1
y9eSqZBOJbUkIbg9oM0XSACsIg33,0
X2oCYyUk9HQsz8UHY03sxnrCXGF3,0
N926xnCk8rTlXrPA1dleXFO4XMJ3,0
9zO8MvWYvBMLy2y2rRFKRHb9A1r1,0
6MmSmB1lmmOiyKNNA0p7IuVe3CA3,0
io9q2gZdUWhPDbYnJbzv8XsgCZz1,0
cSBabP68WbPG0xQs8NnlgtVw5R42,0
RYJRtbTc26a12dQ5ddAwV2hJ4Cv1,0
5ulPmiY2NpQMXjnjn5w8unXOOnl2,0
H3sxaOqiOSgbKWig7NdWEPgrm6f2,0
dlSirkwl7JPl36hawynOTHhscyy1,0
8Ngu7IThNzTVZLqXDCm2BkMBSLl1,0
uwWEy23DDNYBMukZ3lpzFQOlT7m2,0
RRbKCE4xfybmt8BOImiVxHfbFjO2,1
vd5cQ5ZzjDXepHCAivkUaRFATk32,0
DVdBgadmkvN8uJy0Q1kPTOBdUhu2,0
r0XiFJDYZCMvV7xT8LowfFV3DJQ2,0
VFeVSfoV7pM9kzFjHMA0R4rs3XB2,1
Hsd2XPLTHxa0q43WgjzaQl22cB42,0
9dNkv55RCuQGvkd7ueflfG6VT2W2,0
RQqyn5Ur0gcPPYhafDG9DDfIgVh2,0
UnJVcWCaLzSZJS8B0YJmDwF9d143,1
iIAyplBPqGgFXKzvpIxFlcTgb4r2,0
ekXeaNBZYgZvh7mpGGwDQR4Jlwv2,0
yL9QW3T2VueXfL3yvsmXsM2hL4v1,1
Gkp0AAA7iJakBNaPSDfnA5eEUoN2,0
aisIUPkXXdQv8nvNAjeJb8cebOq2,0
139P5XQHCAPJlxTo53QLd6FviL82,1
c96Fr87Qw8cbz2JKR4yE6DiuSrq1,0
Pr79fov0a5TW5KPo0XACvIqMtO72,0
5le68NJRZWV6TrMTYn3j7gSlqTi2,0
owp10hao8XZzW0ooJYkACRmuGDu1,0
A1tmg4RT7Mekg8LKxGC2agpfmdi1,0
