id,covid_status
VQoZTPYiP1Y9pcCcfBD1yDx5bt62,1
rb0viHBCj1fiEgWX34QcL3Zv8B02,0
eSJm8nx2ygT4ZzQRzgYKpJiis1B2,0
vqIREUmn5CMqyrMHxlLVmcuN5qW2,0
GpkFX9qB33ZsvFG4HWQHkOMWjFW2,0
LAGGMvR7ScbjwTmMYBbEBfWRcN93,0
DeMaRSg6lVO7oA6v9HK3mbWjr3r2,0
cFePAw64vTSRzgy3ZXZFGC1E7rS2,0
wByjVbPfagQsv9nerwycE1QDQ5B3,0
padXEGczMRRKmLRVc68rEKI142B3,1
YRwYptwqVUfHZbZh1hiqsczaT8m1,0
ByJgkN2PApVkDJfUN5wp1gUuxt52,1
T02pBwp6UGagCMICnB4oiElAWUP2,0
A3uqqSyxT5MpzFwc0dCpiYRV4w53,0
un5dW3qbK1XkHtuSID6elzexvr92,0
xXvWuF9fKkRVDhhbkAT8TbE3Rj62,0
poQ11Wmw16VIjjkc6dAPeAWzf962,1
LtqbA3mrmKN4wsTG0sEoPl6fAfB2,0
zPFIJ3JDo7P5qIIdKvELq76kYi02,0
JuzR5zpE9HU3NsFabIcz4Kkp0Ag1,0
HCsgRpbj4vdEXoAjjSDJj9vQFbB2,0
QQx7MsHhXfPFNPjPAydYMmTWkpo2,0
4EAxuOcgN5d81JCmqo2YxXlxYNL2,0
FLNZB0Us1PgOdXLJUC4tmsvRrH43,1
I90bUGzBTMZpwCnA4eWqzKkq3362,0
6mCAHbyEebbEDkxHxOqihoJRkX83,0
0RHdUsu2qFMmG4dhpJd1NqM5ZTC2,0
OHIo7PN5VJZoQefj2perUPRHsDn2,0
tAqfUCGTWKdgIF95SfZU0gtLPZt1,0
BNbiq1U3xWVT44hg7Bl0f8SWjbt2,0
WTy9ym2R87WxEwQufFkYxRZDY0C3,0
AAFe8wVTf8Op4UTlq1QJmCyBdK33,0
J7R2UkId7jU0aOSw5amaS8zJVIm1,0
g0gdNMhQIbUlZRTod20TdtqafgJ3,0
HtCYru78WihN83VInC0etddLCv62,0
dmE3r0LE6Yg9qmCd7aubpgug9te2,0
XwiK6FSjg5b5RuQQFYmz67zSpYC3,0
vK2bLRNzllXNeyOMudnNSL5cfpG2,0
FtDju4lrx4PqJCMCo9zctj7IFnV2,0
SI6TF4Wk7XdAyxpOK4rW3usdrAm1,0
RNnxsLNUWPeqrfpPcDb4b903fpj2,0
DQbyjZoEh1chrWRqOkPrUsxvqpv2,0
59dIvwH1JDU9pHbH1rc3FoVlJWl1,0
sGG3SWYeDtd52RBt3dMM3HSv8SG3,0
AdRRprqo5ZUuLMOPs61ZKS6vrdU2,0
wL14nLGSh3P7qMgVFzfxt08XJbC2,0
nY6Af5bvitY4R8Vp4KGFTFUkdio2,0
kDI4V7d7CNOZp3DwAK825tYAzsw2,0
9dNkv55RCuQGvkd7ueflfG6VT2W2,0
t7dXTi07q9Uu8jKWAkO7FvTGD9c2,0
CUCqq4q5SQa3fDkpraekej7fNza2,1
euld60aqc2OtnNoKYx9P4WDzVM92,1
blOvr1s2qrWsvkjA3QskHrSK9dp2,0
78UvO8TmtycKb98kr2eXeDdLpST2,0
YKJ4AmuaSThm9fM7nAE2rxLs9Bm2,0
LG9JXKoSkeN9IHceg9xruqw1yt23,0
EkvdE7B9zuaZEHjb80RflGGqsgz1,0
5le68NJRZWV6TrMTYn3j7gSlqTi2,0
OLMx2P1UahSgkhGyN5zLHZsXMo02,0
ZIzrdWNQK1Xhn6o6jrzSVBMdphp2,1
FCo8orfgs5ZKKQV4T436XCoycht2,0
ZiwS2q40gsX5X7pMp0y30PUFpE93,0
stnT0xsBXhb159fZrbzN9kwAKvF2,0
Hsd2XPLTHxa0q43WgjzaQl22cB42,0
1gKYFXop8UQtz5vrzrbVcnjX0Vi1,0
9KCtOKDALHXZZpzXizYJxBQ2Ulz1,0
zLM432Aox7ZcmTXoglELTXNAVnf2,0
Ms3fiiaGeta2PNzjXEE3iMBmh1h1,0
RRbKCE4xfybmt8BOImiVxHfbFjO2,1
0bcMNFt3dlPlUPTyCO8DVAlbTUC3,0
YDqGf8vnHSPjo3q3PjdkQ5Pm7C12,0
wawUd75qJgXdQz6qxRATEzuKvMn1,0
CZT9HTBNgaQrTVKBjIBUtlu6Dgx1,0
dwCHWFYULRfluqFV2B10a2aUavI3,0
UhGuA2vn7sUfKJRENR472IxQaEu2,0
8XF2UFLn3Wd6dHHMdOlcGbQiMqb2,0
qDaEukMgm3YGWKR1SdJqKIaxG6Z2,0
DINJ1hI4xpQ0fcf7TsZN4pjXrol2,0
6MOH79fX0ReMHLdJCA5W9ZFBYn42,0
symIMnhx0SXZB11UPJXEWP4pTbO2,0
A7tcR4TNNfYhbtnLDTckg6yUVho1,0
XGXvJt5p7wQ7fcvMbdN92bAPzZE2,0
bTiu7RJ0JkPVSja5Sr5YSHBulQ43,0
9LGZxIxgbgSheKov7FzsNcFIu4v1,0
t6twqoKKSMOJdmehEj2gbVo6Lao2,0
Cd7fkliPM2ZUM1skytvoU2vD8jK2,1
UEJ4NxXtJzPJ5U4DPWg188b9dff2,0
IFMid2LmeCTSQAFaL8wTSUg20No2,1
jaRfWYxsWjV2L833wIIyuivEWFG3,0
hTXACBsoo2XasDWx8U9y7kzs8rc2,0
xH2X6KXzfefgZFURY27gKT30ysR2,1
PXFeh2WexbZ9HXhXg6tToFfY3PM2,0
cpkq5jRCUDOvtB7vROcz6LuOAzr2,0
139P5XQHCAPJlxTo53QLd6FviL82,1
yWWeEGFFbQV2s7QqXUQjSrdp6573,0
OatFCKWJSXcyyGHHGozArF6mCVU2,0
xO54amKmQMQwbMoSbmADa6Wa2kK2,0
pT9egK3TaHP0NBelDs9O5mhOPLo2,0
57DMikLLUefbXYKeCPuxp5Wdtfr1,1
hLXcyDliDYXrcKna9jaDwtryhK93,0
cAdvtOxMKHg9hO3IbimCRK9Vooi1,0
Gcs79sztbbauDn62MJa2xq2jrqT2,0
RY495l51qRPkLQxPMtN65Fkzcbw1,0
Qxlw2hDL29g1Sb9ZQO3XDPIG5Qr1,0
eg0RP6C379PTXguMbBE6RUKY69S2,0
g1nDdvDWgDhgbVDyfl6NyFIfPAp2,0
XzIjEtRHHPci6Zq0zb9Lx0d6zEr2,0
3bcZt9qehyWmDKvJeohIgrEwUsL2,0
AVbhXf3KiUf9ZmkjvWzDOxevAPH2,1
NY6jgqIgJtUPBYpsbpO3qhmpdft1,1
O924JvpBNRN7jHvErWkpfjqGvat1,0
uZjB5Oxr9zS4xZn8rq5ubyAp17A2,0
an56VxZWQ5RKFCHxW3Y0NquAEcA3,0
YA7NFQZSqwUZUJGPAh5tRe22woB2,1
Y5eS0NFkNCPdRy7EFiTvm5QJ4qO2,0
Qxsv89ELtlUniEBfEvmDldEdZBy2,0
nDhgdZFoNRUBm7qY6tw3z4ZLOdw2,0
KYFep4QYHeTdetDl8dhMl0je3ux1,0
5YSIWpZPYZUqG5rGievs4epu33g2,0
gjF0L8phdmPxc9az1muox66bQD93,0
jU6lNbGSe4TXBJdMhRoUCRnAWsT2,0
rGRvBhXqS0RSBDt1aVWxqfZc0i92,1
VtRlegQfrDTPW4WxmoW3iJPzedQ2,0
T6a1ltY6OiOg38ChVI4URNFmGe23,0
zpjoDhhHvJcfhSHTK9i895kmr2f1,0
IjI3eQUHkrYdJSB4nWeXeNoryNl2,1
3OQBJD8fnBepqWPGQT3eTozrhLn1,0
yfPjZBFWOihN0YDhKla7wWDoVCA2,1
JLXdsKrUesSLpwUOMSqQFfYwtZ82,0
KVKLfU8zZ1MEywuVYflH2KYOHr52,0
TPrDC0bAYpdmhKxfDzCivJnfpKP2,0
zGjGkKCAjkdA9S3aSreocxkWf0C2,1
TaoyZAahOzRoDQRxb0DtDZh8Opa2,1
hkALlH5TJ9Pj4tbOCoXyVPtOIBf1,0
0ujmfEsuhJRsGfbW3ttpSMjwJi73,0
xKW2EpGmJcfigLecUTLVXEWQHPg2,0
H6bxcGub1wOdaWWZ7kyk8KYuswf1,0
0W7xMFW538WmDghkiujx2v4xVnt2,0
ri2VbVnIcMNkS8zYnXrLAXa1dM92,0
1kj3twlB9PcVyePxzqNGwnkYZZx2,0
Z8ulmLPAsmhYfYuqUAmm6aGy5r53,1
I6Mjl4neEPMnMH16WVW6oTG860L2,0
zyX6JZlkhxayEeUP5SL4L6WA1h13,0
cfZUmZvsecYVKw5eSi4qIhfJVpI3,0
iIAyplBPqGgFXKzvpIxFlcTgb4r2,0
kbznHTdWBpXO5FWTxPmJHRhgW8J3,0
BVcBPtxcv3cqEdIkhjM6YenlWtb2,1
3YsglsCX5US6WkSzHZAgt5F1C1y1,0
UhYCvhOCn2erbzJc5faN4ek3D1I2,1
YjUO0QbUUAUJyUfgApL52jRs8Z52,0
H3sxaOqiOSgbKWig7NdWEPgrm6f2,0
5FcCm1G9aPbjeCwnAgd7UUQFK062,0
yncydoirUqa12tTAUAceL5zMWaK2,0
RP28VzHbG0crJB2RnboqUaM9SRm1,0
s9pMRe4F46aJf8Jg9SvLfJoxgg93,0
hP0R5MMdSNThSMZ7TNLjU7sxyws1,0
JXP97RVyVfVXVqOPULghR8pY3q32,0
jtlvbJgDl6Sum26M9Tm6uZIXr6u2,0
UnNfJx6G2QZjr0opFlCkjFRmAf03,0
w1TDsR75t5PsGyAksqF3kMQ6DXT2,0
B6X0O4W1xyP5lMLvMIzc4fGhQSj1,0
WedAZ6DrnjVQSxRJY8qRajogvtD2,0
fja76ZsTgfPWoDCUcwnRLI5XrLZ2,0
ARnHOwUIKyfpC9ryG6AqrTcksmq1,0
yHRFkSwYEehBF4AtthYzXkR6jUc2,0
oNVwfrIb63g5zB4jsaduCjuufPo1,0
okpi2sQ8U8Vmf21zXNO6kCgks5y2,0
iZa9QuNqinWMeMTdwFstfYRpw4J3,1
CkBv7ZLYRIcugw93mPtPkbWxC412,1
26xevAvhh4PSIz1ls0QAwwfz89i1,0
7uVROrqAKPMofUKBkPhYGgeU1513,0
75OYElXmxdQTQne9breAIqnSo7Z2,1
q3DEiVNvlkNAGJq8LoHEb1TVPao1,0
qr3tupBiFNgeVUX9N4ct8GigLP53,0
X2oCYyUk9HQsz8UHY03sxnrCXGF3,0
70rp2jgNpWU7FK3UabUcNvIp5us2,0
aHJPsm6esHeW5apkd8KAFdia9zj2,1
e5xiRpxobLe69psjXzZtitwdxpg1,0
Ml6JGK0BGDYiU7CulDVQnD065BI3,0
g31DKGN9FreFz5HQtF6z732O0LO2,0
MCyZwW6oHlddq3Cy7QRwPHw5gof1,0
gXkNMIy5J4VwXV2ZxAAObvb7S3Q2,0
QjBZv868nydJzk0ZzwgKDHSG6Q82,1
jaNAcGlkQvUYEcRFXm5gNwnOOn93,0
h6fnYcaAXxMQWF7H5QbSx4PVajk1,0
YNkZcKCX0mOhKIUO2VRQQd63ydn1,0
O7eAgc4vq5fZQmGh60gDaMxOjgz2,0
7dibZ9sOTyYwP45P75NlmZQksjt2,0
RFqBDNt9sLR9PxvBliE1JhFVzK42,0
MViWQGORcQfI5lGwqT4CDXP9iHG3,0
5ohNPSLiNWRs1vvHxKBj9odGFXl1,0
y9eSqZBOJbUkIbg9oM0XSACsIg33,0
AS7IWnzwSnZ6IzknBA0G7uLYEeT2,0
rf6smT3AxxYh5E5LqwXPy0VHrRr1,0
3fKAFFPrGTZTay5GlkoipIjRUPL2,0
A6cnzNlOAmM8GCpUKtC1ZwTKUiO2,0
2oEWhawfKmanWlvgQfkdkmgoJ9k1,1
33uBb3ZF1NekffyAZpRdmyP0KHH2,0
jzZNRqxGsTXZVZJbipHEyBaGPAI2,0
zNNcSmfHhTbjLm5NcVmrOAf5C2j2,0
aTSU2ShIvnMzIsWQo2OoiyLxIZl1,0
zAdXj9IixzaM6KUwFYIhXbNJnJ42,0
6kMlitGRc3XF2Nt13Wl3LOs4wMl1,1
aImqoeTbibTbtdXNmH4F1qc3Jr43,0
FSzobvJqOXf0rI6X05cHqOiU9Mu2,0
WrM6hLW3fGbGgwpWSZT9HOSU7CC3,0
FxxDIIr8jQRkvmA2rqn9rUGGXlI2,0
tFFUbYL9nSNEyaBK3w9UAtATcgO2,0
CkDhDGNX3iWEqDFJZXn9FrxPxYF3,0
DVdBgadmkvN8uJy0Q1kPTOBdUhu2,0
k7R0sHWreMTQCDnV5dMzd7t101A3,0
88mEmnYlbaPo3iQRZGn8Fbm9mNs1,0
xDgSKI3IBQNu2G3msYhxC7URtop1,0
9zO8MvWYvBMLy2y2rRFKRHb9A1r1,0
SeJVLdrWddXdcxmY9Q51FUjCFRv1,0
mikiKeqF4SVTeAyZiLFsC6FpGEO2,0
RUG3ss3JaEVElB4LvuOrW8wC1pD2,0
OuoIQIvPBETkv1JvPOpHjGAK9UJ3,0
nlKBKSlza3VwbasF1voiECoUs6d2,0
qyoosYbdlucXoQ1cKkN9wzV6vru2,1
B3QbrMswB6RosVMO4OtvlHi73Ec2,1
1BFTsgEVsJdltjiXvECDOi35nT53,0
Hb9DrqUzdCfKOQWYs4T85y3S3Rl1,0
9CjIhgGiWqP4wrhOximVkQgE8tq2,0
7IeLM4Wp0tOmjNfel0c9yK9gYVV2,1
aC09qmwnQ6MboJlAAdxf0DGr9Ay2,0
JxtCdZIjW1VjLM92IYEhw3xz3pS2,0
FYqsLjb8gjOLhrB64aWUc53KVVf2,0
tdqx6pwgAaeiofZLQHT82VZcUf33,1
u1G8LRJRwyUWNf8J9McgKGyfQJ33,0
QU89L9WuhdW74Fj41RQwBPCl9Vv1,0
kBFDtvAVY9QYbi7YHYgd7tNpsWx1,1
IkdWn0v3dAU9eWzsf3rY8Dwgf0V2,1
vus9YM3VqCXq3QckSGoeHJs6pBN2,0
av4p9I9aBGfNYwrwkh4jEiEk1lE2,0
igcBoCJELsfzituxLn61lJybxgD2,0
C7Q6zEVYAZR7yC0DeDQVIYqfWCi2,0
cPASvlDX0wewuwxfdbJgqqjYEH13,0
Y635Ri3QFMcOKC0ckXgW2r0xJ422,1
qndmFcdekodLGpiKxKMVQlrJfcp2,0
16Bj2AtAiXhPGR3r4ZRjgcWTmGe2,0
LyyyoHyVVygA9sFTiv5SWaaUR2E3,0
UWYfIxsL1LbICfxxW9dzfYDAgrD2,0
SkZeafTL9dd9dwV9nEbNrszqc8u1,0
chGPz3cGyvRFMdWo36WHlyEBgpx1,0
u4k3fup3JdfVBjA86vjrMVth3063,1
jRlVIgE9hofnOP2Lo8He6ebcecz1,0
gX0K8ASvV0epRvdo50i3a27JEUC3,0
56HPUhHPM9UEksAVgCDbQZcxsuZ2,1
xh2LPx4DZNXX3hdsmHa7Lk41fPJ3,0
JdsUKe6JKBdfU7NZC6KeU0z2xKh1,0
8UDw6kiGKhgchuwIhHR3o2npPk92,0
CjVKAdiAXkdaeNfQ7O9VWBrSpLl2,0
CDJLmx0CWdNRiAvgFwn2aHonth43,0
awro2Lz4F9SgVweiUzROf1IE8GK2,0
LYJToDRYDZfpjBuNC6YkUcphr0q1,0
6FftFl1jWlQHb0N37KW4ajs9dqH3,0
UDsJYcNsh1NOD6LBl55nI5Z2dgj2,0
3VWhvtBFHKMgEKxlXzMYeg5NeBN2,0
eu2Hm19FIUhs68KsWGAlCQ4WVc43,0
Pr79fov0a5TW5KPo0XACvIqMtO72,0
779c1GiOSsSsxsi1PrMGXwOrIuo2,0
op1WefhMk4PWXOP5mzMctzOWM3x1,0
xf8WMloFOzegmJfwltZVuSQHTyA2,0
229rWq0xWbfGANPmsv6F39xhjnS2,0
tLK9Z6BpfWVDFV7DQKMnEy0Woo22,0
76N4aFIJXScxI1iHeSsihGmRKnv1,0
5eEXozx61BXKT71PLRaQASRcC832,0
sEXwP0TZ79eEEbNZR1KRl3nLvN22,0
JNTWsYYQjzMMOsmFMml8OXjHYx92,0
YR33hHou5PgrLYv2L1mLzHE4na12,0
wGREdkmvqncUfRgcia9679biMIC3,0
DTvGOScaAzWfSBXf8B8uF916AKP2,0
2TOBsGCz6ZUYjZ1DKt3C0ae2VlZ2,0
U1xH6cTpR6VhCLwJKx2wKZc5XE03,0
J1YTIleE4HWC6wCg1gIC1N4Hgw13,0
Lo9OvxpnOmSsMC0qy4rwtXVamU13,0
4U5fWjzYiROaFxurdK2BCMt2IIg2,0
6fqe8i160qM5rtC4uHrlu3MZXe32,0
4pSWWWdAaUd7s2dh6eXaaXeSLIO2,0
RrdJGUs5gtbagFUqPyOzF19r9Sv1,0
UXhG3vgoxkWtd4Meky1nm0sRgMV2,1
giXzRAAuoRRAg7xQ9Y56DX0FVDr1,0
nRH1xhm8zjOVzAPYuBMgGMQtes22,1
IQSMEGOrc3XegUpIARWm07D2K2a2,0
BvSvfAT0dRRNGX7n6wmIpOlp7W12,0
ikYIaaUJutT91dYfNqA7iQoAQKN2,0
c0qg1BdEVyNXI9Uq7fxJtBjy8dq2,0
Icj21hlLQ5ZwFOgpuekc0Bn7Ucy1,0
fuZ1Iu9k84gcTbZKIWElwq2RsLo1,0
Ruz6RW2jXUVDXkYX7GsYC3hzagn1,0
0xsz0lbpsoVgfojvTNSAjv9dhBq1,0
CGXh77ubexNuv0UUmOHVCnAgurY2,1
tpnRTSUMvkT4tJZpIQi0OghPefz1,0
foENi3P7alPC0yTEcDMIJEPFm4E2,0
weDSWB2g4cRfj2Xi6DfJ1DCouZr2,0
dDvHec65MWh2REqq5mABZJvmlXI3,1
GKhkkTlN0PdIgHoEtwXlRlCqMd13,0
4atnIFwUK3ZZTiWezgLwrvHHOzT2,0
qje01PDBImMG8VBE3hnyw4GbJ7W2,0
LVfs0kH8h3YRSg7J3Y8g3ufC3a53,0
Fx2gbIoPlJXrK5OD8FMeepOGlLa2,1
XFlqN1sDBKNXyuORhVagkJnr5V33,1
S4RMw5HOdnaBnLOaIIuybMtreHg1,0
YwhRHergRUamkPHHq2Vo5LA0WIw1,0
qf3n0FsFJkfsUbOFngrrxDd5x7m1,0
ORaul0HINZblPYZIFh9V1g2G4q43,0
bjA2KpSxneNskrLBeqi4bqoTDQl2,0
TLuM4QmyP5QZyFdkcbXWeNhWlsj1,1
6EIX9NrJ1oWfURDgcOsxZ8j4z5o2,0
kAnUnZf9b6d4bkjJCawv0nCGJUI2,1
TIFqRMyFsNVEYSMu9P05PF5N2Px1,0
ankVK1DxMvbVFA9PYyKvHk6CQLP2,0
jRjAYMmAQee5uVm5fU8yVnpuvs33,0
hB8ntHij4nOm6YoGj86MtZJVTyr2,0
pW9mCAeWYiMoM7wW7riLvNRbYDO2,0
YHHZYBxPHsUWYITjtMRAixs3DX42,1
hrxbMWssnVa3JHnqQ3CN8CE6QRE3,0
xMOI1306iZMtFQ5FCNcYraYUSDA3,0
HltnpdE31PPFAFYRdJXRXokmdUF2,0
4drDZUlQcteX5StlFT2CXEL0N0L2,0
3oM1GutSzARkQnaiMdIUMOSczz42,0
6IBOagmXVWPJaN48oiaAigwiDbw2,0
Ouvxbo8RR6Rs4u9EMksEqxP84DW2,0
pIZi88QnOcUv7rOGz8iHLw1r2XI3,0
38kz9bimrcUUgifY8S27MVR89eN2,0
UnJVcWCaLzSZJS8B0YJmDwF9d143,1
Fuj8ConlkeNoRot2tyMMyzYCKfo2,0
kB7J1mRmiPbjIVTAgovzFwP5nQm1,1
RN1h8pdpLkMEdRKNVZvFJZqWfGD2,0
a1BWeGHqK6f0KyevbStawfUvvK83,0
cGsyomvRhzLiAzPk98QyHu8988q2,1
OnYf35hpRnNpCxV6vTU9n2ETMiD2,1
f78ZFmqneaOWttg3xhtcmO4XZOu2,0
MEw5YvFJ1GekU8biV6qQMPV2CDo2,0
aPGmE5oG8zRtIVECwyuUT0ussn02,0
Zb2Inq1UVhcMnWA41GpKyRdF4z62,0
fVL3e9RKRgN2yNKT0KMNZhbal8R2,0
yL9QW3T2VueXfL3yvsmXsM2hL4v1,1
vKxrwOtywRNOu6bZQTR8sGj0tbv2,1
bGAOAliULjMQIFSvoMFuNCedl582,0
Kbvj1H92OLaeQy0YWHkPGvaH0hw2,1
0xWyChUEHYOWQLxEAL3ln4FDtUL2,0
ipBVOuYKjmSBDq7O2y5NOwH1R2I2,0
n1A8G19t3IR9wCUhfv5sZFF9pvI2,0
gM6ePm1Ew2d0nCVAHMf2ANaKI8D2,0
9OS5kJE2owbo0961Ni8cqM4KJL52,1
Q82KnSDEDTc0w7CDj1fSBntRTyg1,0
ZHsY7y4Y8JOoafrQpOKJEr6gORq2,0
3BUB0leQxthtm7CndU3zJdUktrK2,0
QLfHliTV2YMbuC5y06vcclyWdEF2,0
gH4tLBmPiFWp96S6j3z0wjKYhab2,0
3JXWfUZsCThwlwp2VuuS0LsfrXD2,0
vMGhws3ezYdCMfegQ6GXlLxmdGJ3,0
dk845iIpzubUAv2YuoWHaWTLRAv2,0
3LCqXTY14jROmsMpG3XkEiMJ9cD3,0
OPgL5r9gSiOhpOtFGVK8e0kN4o73,0
NxqOq1i4PtUiqBxV1wFUII9SQj43,0
OTSzQ3koIrTIdjRbfrDBzn88rLe2,0
6eeE5vinOTT3eH98PW5jBcpqmom1,0
QC2olizheGbckya2rPjOWhn00vp1,0
dlSirkwl7JPl36hawynOTHhscyy1,0
YzKbMCpZxMRoab1o1d03S6e8T5P2,1
vd5cQ5ZzjDXepHCAivkUaRFATk32,0
kirLJEuOWzYOWBeTC4CRHrTTRVv1,0
MKb4BFUuYAZfOtzGlAz1UwNzo6R2,0
ZdpBUfXPEpShEdHGVTUxULhNtn23,0
VB3X18XtrRdSVJ8zDzdyKohlX2F2,0
QPUF1XfHBbZCGh4QhsgDhGLnjTi2,0
jLxswjEWjZQh3Wg6Dzu5VCoPhG92,0
1fMS9159tNOgEbgTXBoUpBXQUIr1,0
IS3AoZuo0cXtuYb2aDWkrIWTciP2,0
dPi1G2i821MDlbBUQWboTaExz023,0
joORHxc0iCTwgP7Uh5SM5N7rnnf2,1
w8GzYkRUeuVtuONdQbOrrFefVco1,0
mM5KRWXtilYLsOILvMB2WdRVVC53,0
tFXAov3QpbTvPL6gzCSwAsTSFT93,1
EucWZQ2KbbQ74NhWqnrUEuS7pU53,0
0VpjgRGE5kR8uTEhksBgvFR3xlA2,0
UVNJbaiYLMMfREwFxt1LdpdhWWD2,0
NjLggybuDbN2vcR2Va2hyDuDwQv2,0
yiPghdPwkdfosD5DgpsWCwryhI12,0
m6UxfLHv0nWKNqMZP2uNiGzXgKh2,0
IimA0GnOm7ZR4nEr8k0kG4eaR7A3,1
aESHvWgJIodaDacHGg6i3o05bYo2,0
HHXDoqaHN1QbtSZkgu37f38RGqh1,0
D8gFH60PUrfFJEG2wXhvPCeTRCq1,0
Tjh68I4MImebZJrLG5sJMGZuxT32,0
Gs2gwBq34aMMglNC9jqGHS3ZzIs1,0
sW80fLKGSiXcPBKFwnwRaaRdPKX2,0
V247RjX91RY4fxtgfeWjvBhg89s2,0
BMhTCbqVnHNePVbFulnWNu6ZSUg2,0
HSj0b9JLMjVfqxpQi1s6OVQXkZw1,0
Zj552DZntDTpdVbrQhp7KNVL9sC3,0
P1FePApIBQedglthtDiBvs3G84M2,0
KcO2p01LdYga7563y95BkKII9Dh1,1
FLhjsgqrgQMKwNt5iEryxG5sDlW2,0
UbRWBwc42vQH5WKiUUP89RvPlA92,0
4sjgUTKdPXcgwHbPcqEtB6WA7XB3,1
Fps26Qa60WYbR5pI15KzNKSeLXG2,1
eKGXsbhd2VOFGSoIhMH8SKaa6n12,0
eX9y5J7LtpfNf6c2cl8yDBRhmXV2,0
a86P7j0ZQccywZYCvzsunFdDRaV2,0
7CiFcbXjGcMnMjOfs4Y4ejS9LaC2,0
aH6o5lYN6vh40RCFhfyBYjkQVH13,0
L6zbMqqGS1et0kjPXmSsLUI3vz22,0
8Ngu7IThNzTVZLqXDCm2BkMBSLl1,0
3rQH10GnP9UFC6WD8iVbwZLI75K2,0
1YKLwejE06Poo1Whg1sYL3EC8sz2,0
pGxub66GjDdAaJDd95hGHo3BcnJ3,0
hqzMroQpC0QHDRI78EvbdmhgksU2,0
vEuocXKs0mhMOO3e5l5ZWImJG6O2,0
RebRt0aSpjOeqnezG7i5XQn03Ql2,0
goCuK84Tklfu22gFPPMqt1ZIjxo2,0
MbCfQyWYGIeZ5m0BCTeiM1oi7282,0
xSNAaXDQn7NXL8xgSb4ix26X1R93,0
t36yqxelXtUEMy6tQJd8Bn1Kr673,0
2n0fnSeTNiWvPi7aLxRrFsCGU8D2,0
owp10hao8XZzW0ooJYkACRmuGDu1,0
9JhZlp6ebpZYjnKlK2NTZTihDme2,0
Q9mjuJioRUSHLiSgS67ZTjRtCy53,0
2ACkagjqT6NFG3zysVS1cfoL4Ad2,0
cSBabP68WbPG0xQs8NnlgtVw5R42,0
PzAQz6zDDcPbdSePDK02jGd4Rm42,0
4gkSRZ0IWxVAOJSuVEFhQqrzIYx1,0
UZKdFMia0JWykTWi6T2PoXmS3nt2,1
eP8gEM0KcBU6S5JpMdycX74KP3p2,0
l57TNYomN4Z56eIotPFe6hN1Vgm2,0
kufd2yIRZccwghYMiRxdc1Gc6VH2,0
Rf8ndrjS3JYjFU8F9TU5879SXRu1,0
B8eucE77s9Tg8wfQCZIv9JCTDrj2,0
PaLptWlM9gTtp7lUybcAaXGkqhj2,0
K0LmigcBKlRdTAlrCyfmBJaQJwk1,0
n53G4OdIz7a5kkUyObojHfGBvki2,0
kIHldMnyvmXvpLq0LjWr7ecclSj2,0
OK2CZltrvfZbpTWB75LWMFqxfpM2,0
8J17ZUDTdXfN5NYwjjp1ANcRqbJ2,0
ePaI9geAOLYTcCjN0bI0vvbHAyR2,0
EXFN8iHqxjXW7ApntIPI2qxQiMz2,0
PlsyeCq5jHO4E70iZHfrfHSqSJu2,0
VQVtmKC3HwVHbY1xMTued5OOP4E2,0
W673kSjviTeaeIVpuLAtv9up4s72,0
j0q8isyOE2akw5RDUOV9whSwNDW2,0
k9c8ik6XlhbYFnHoXHqyDIQ5axe2,0
bEzlLV5ZV3fSBFl6JLs1e0t3GEG2,0
MtXoTPXYhUaIX0skM8V3roaz2B22,1
vulAApAIpgcosLjfJtaN7Rrp2jo2,0
ZfZdmrhvFUVDL6jqf0GaWC6rzia2,0
mR2kMg6kMuatgjlTHPPDNmY4YFC3,0
tmguPZG0j4X5PktnGJyOYxVGtqW2,0
HK3FfcI5SyXc7CtQMaQiMQ2ia1n2,1
aBhVajwUynU2XvqHDXl7EA9bVNm1,0
NZ7eJVaMFDMMhpOKZ1ztgkr3fVO2,0
ZuysSjckdLWhDEc9mARQwWpXfIj2,0
6wvKyVH5jNcuBCjwHE7WvgbtaqI3,0
9LCBZHRlg3Nk6NMZHu7AZJ9Rju53,0
f3NCnb7N1qS2qraT8fdnW7BVVCm1,0
zxRJaPEBRGX8uH4egnctWAuIuy32,0
cxchnGnCHJQ3Tjqn5faj2Sfqa0e2,0
0EAAFsDWfTcrhktHy78LS6nf19G3,0
hW4d85xBzrf1VE9gotLdeSgwXAo2,0
iV3Db6t1T8b7c5HQY2TwxIhjbzD3,0
6Or8DONUwObeo4MH2Sbtx7JTVNU2,0
EUjlCZyR0xMbOH31Je8knI3UdKO2,1
rlklHwPKGycGalH7q9XMRnUqXxd2,0
00xKcQMmcAhX8CODgBBLOe7Dm0T2,1
QKEe27GzshbGSIGQZ6nB6lpLb7l2,0
xYCukI9rgMeslwjIYWheFtyZ6zk1,1
QOmSmWWvcLOxZgzrV4u04ByoebE2,0
AI4aa1tjlXQw4iOH4RuTvgMtK3G3,0
JJAEXqn68kVaaOsFjX7n5Qehaws1,0
QFxGVP17oxZUKUsuaW0O32qFdoT2,1
OCFaQR2Fa4S8cFiEJE2HueZH0TH3,1
ecy0t93dh8TS3yPI4YJZDSuDFAi2,0
TBMmcughcjOlmcYhSgn2Rdej1D32,0
D5aq6FUMeCQal79ePD7UZniIyF12,0
7eqeo9k4vpZnfRc8T2OMkelZFzC3,0
4w3GC0eRNVXJ4q4vRLphW9RIiQY2,0
kgO3qInKxTZQeaLHAceD3knSCZf2,0
r0XiFJDYZCMvV7xT8LowfFV3DJQ2,0
U5bTmSt9PRfWHiGleINUHMl8cg13,0
ZNTuppbDaCNybeDYGmyjJeYr93s1,0
xheyhxTtPHMng1BLZoH0b9jgDZ52,0
9ypQNsTsSQYlx72wxTLrHzzNoAJ2,0
XpMEOhbTdsSYUjo2zsmVjnVOsoK2,1
FJJZziCGb0bv5h7JlSKaOSXDdOH2,1
t0UxwxXhJxX6jA1bJNTQYjOWeQj1,0
nsKPMVQ77PdvSk4XO3Ri21f1YeH2,1
A1tmg4RT7Mekg8LKxGC2agpfmdi1,0
eY44bQRKksTntBarwq9fRkPkA8N2,1
Ed1ZsgwOyYcEnpPXOXKPQd1QaS62,0
4pzyamXuTgfmgVGi39RXWSfNb213,0
1yXs34J4y9VaRQSdwgm4NVWs6Y12,0
kiduiciSl7YBDAK9XuvaRizJUnU2,0
9CUhQAT3U5YhxXmqkw01co7jVOU2,0
sh8x9M4ZeXXllQvCiFENINxFf9h1,0
uiJ6vlTGUtO7akwp4VhP2142D9u1,0
uqD6aEx3ObQK5DE4GH900S42U352,0
yBJ20a3np3a8FHUUVUnXslUoX4f1,0
ThEx12Qb23UTenYWttvsRvioxqE2,0
KjPE6JknuWfX4UQtWrWP0h21Bmo2,0
9znW0Bni1Scj62DqhsfoagP6HLI2,0
OTa3jtPjzyQC7FezmlYX3o5U2I83,0
Akn9RWpa1hMNtsrYVHGlBsmHkAB2,0
LwfZvk9xa6bAJbz4wQGEcyoDOmL2,0
z3dpsRp0YuPntedc6sgMaRfW04t2,0
eD46zs0Gr9Rm2dRnRvkdjI0jc953,0
FYINlRe3mfOO34R8QcT3skESVRl1,0
YAw9rkwSGUakz8LhvifMQk2JyNA2,0
lRsw8buO7jQSHGzSWIOPW5JboM82,1
i0reS77d27TfHnKANrEGHVZXkLw2,0
VFeVSfoV7pM9kzFjHMA0R4rs3XB2,1
smnOOz3onPU2GxyyQuwVJuiU0No1,0
xyM7qnHrkeSfQsGyRCsomcKfMDG3,0
aGOvk4ji0cVqIzCs1jHnzlw2UEy2,0
0pqMnxeSybfQnGV9nHW3P69FSzE3,1
zhSebSRltXd69mGoGRVeYZ5eQ3l1,0
wfrSZJ0FrZMpM33MF8nQU1fiTCI2,1
j4xItLU4BzcKshmihayCM0pTooH3,0
MjbZoe5Xl6gQAFFZAjORLjIZoC93,0
6BGTwwcsLoZpqSMhSzFeT2Z7Pqr2,0
01OCEf1yB4czsq8ygRoT51s96Ba2,0
8jj80VIjJDhstlysp9ak8kFJwex1,0
kaIGgo2Cw7ff8AkV7vzWQ1KArwm1,0
aisIUPkXXdQv8nvNAjeJb8cebOq2,0
E3nlERKGBPcSO2PjEDJ6GrRKiy73,1
E3gn7SKrMhOK49iJSeIAEa1s7Kb2,0
UJkJrzKjH6UQRZF7eHhUQVQwCHB2,0
ck8pNfygbfardUsaoS2NNVvMTt83,0
5ulPmiY2NpQMXjnjn5w8unXOOnl2,0
6Tn00kNMgrhXRNTtafxIoOoodgm2,1
f4tk6UjR0Ldbnq5tRfgYhT6VGqV2,0
xRTpzeZwMiQaC5YCnlXZeDwgcvL2,1
dtV4ZlnWakRFGKpIfiUqdu3q6iq1,0
GBZ88OAxQfg6NBTxjDRI0Pf59mq1,0
LC266EVhXoa7KP4o3naQ6oZczml1,0
M3mk9u8tIBUCavOhsxcGej5s9Vg2,0
kkQosHE5ayf0dWYbVFhLMElqTem1,0
FIgw7gymskPu3RGgk3Q6GeSH7yB3,0
vXpopcJJEugOInwUtJkEnHgoVhk1,1
evcMtXUBFWS6bXPYqv7BXVfqFIc2,0
CTnnDvwNIYTb6tn1b3kX2rLYaiJ3,0
yT2MdQkNRvMvI418P1AQ2SystgE3,0
oNB3E8WhVsOEhgx0sgNm0Czv5bK2,0
gr6bSWC4ScN21fpbwxCXpwgFE2X2,0
aDPRTmlNZ3XLxOMP2KafJi1lnWz2,0
pOWaDLmSdob8jJcu8rxztAhHRIo2,0
eTJRhMtqLcO1Q8rLtaIsALyTOyC3,0
rGYIwhkeGffRq318R229inpudYg2,0
5SHNxnq02ygR1L7LRTR3gASXpHb2,1
N5TW03mmoXTTHqfhENFFJgSA8ni1,1
aZxVRpoNSBebXHqCkT6EwLagTvb2,0
z3HiQpxpksYG6UTo9umAL7qWB532,0
VOj0YLhyFhRIvXu1YYcWHVa8esT2,0
Z6qimRi4c2NDdPHsocMRk9IlgdH2,0
6YaTXgSnexec5CPOQg0EboLqnJJ2,0
WscnqzOzFwUvHbl7MKfRcioUI9t1,1
Xq0KTVn9T2TQhl644ZuZHT5ByQy2,0
qHN6U03r3TRKVZ83fmWDDQvtDuz1,0
RV4V6j3c5cbSb2B4pY9vlF6kbeE2,0
wXChdMlWemXwRdX642WnX6JbYfA2,1
N0YQy11YpgTDM6243yERZXmKVas2,0
DwCHgxHJFhf0nAqiQfHS3lycTuv2,0
pBB2aZFbLCMky5VPRAoWIClKN2Y2,0
Pjs0FDjZUofs8mvB3cjg0Hibe8B2,0
oeOuvTlUMEfWPcNOA4EnTk5Bh4K2,0
2TkAK2YVkYS7Ux3hAPBUgYgg9DI3,0
KHP3hql1ScXYRbOQJ7anrZXTiad2,0
PfuMI67JW2h6z4MsRDegrhZ8FSH2,0
AxuYWBN0jFVLINCBqIW5aZmGCdu1,0
Fi2lLmV3LHR5brvXs0z1JSKDvnI2,1
nkSUWnQgO0Tn7flFkVp7CrdsatW2,0
R1wbQWmviENBtOcugCHjcmvRl6o2,0
zdUE4UjuVwXhBeBZqWBGCDL9CSx2,0
OW5RTM4WXPawz0QLpsfjsl4FqM22,0
hbLP3s7RLsTgaMSRNWkIuuggpyL2,0
wgHmm8HnFkZXb1MypYI0nym1zz13,0
2suYua5dbdh2cSreNFm8flktMEc2,0
MeUiOR3KHJOGkU0rpWsA5oiBt672,0
VFG4CURiubQsHbGiux3co3TyL043,0
05acPS4aRGfvuOfku11Za8zve8i2,1
BRi5khF6PxMORMTOXjeS6r2dNqt1,0
H8O1z8p8LlQWSI98eGl4X7RtLPD2,0
nXZU2OEKmtPSXhbaHZAKb3snrJt2,0
95XA3QmnULQ1KPlcdw4RDDKnBhH2,0
LwOBSX8F07Z5HgRGLFS3aOQEVKk2,0
Q8ADRNJMa3ecKbRrrVWqBsbNmsL2,0
kITWulcVb7cnGpGxSo0bKUE7MAs2,0
Q9Dz0jLgNVQ2crXg9QNoObk2JCu2,0
ffXE7VADnca3RAVTmQd60PrIRfk2,1
BjSaOnCo37bIz4AgpvWPiAYqwzA3,0
L5tZkFTeajV4uDCQnvbWLNoG5az1,0
V2l1rcUUl3VsRmbvIWuaazcBMF12,0
1AuoEhB8vAfCtxTFFV0W916yBqA3,0
USIcgb7j6ofzFTvbjQVofvgJOoD2,0
Bb9OMQWb3GNbJDH4gANBkWJ4Ihs1,0
GzhrTQhWHSTwvweRKx2x1Uh4wx52,0
NakKwA95snbM0W6Lk1nV0ptOmOA2,0
pQIRKYbiQ3ZHhnVt8CV73OvmBUU2,0
y6VWQQ5bW0drHBBQ74CmfwHniKo2,1
Ww58ucOI9ofTXq34sGGDQmx7Qwk1,0
5AL2X1GP3aVAAMeMPnvxOCNAQlA2,0
nWexc69oEiZ6d1YP3v2CDJBipkM2,0
9NFXTnUOA3h1BZqRfhnAJGlYfKy1,0
m9MMgToUSXV8Z3BhCJF2PGOZCMS2,0
TQCxi7zzXCTlowvfaJyctxGYNUx1,1
xb5Zffvkf5MqrUPju4A98njfRMy1,0
cmb5xzMisFOW3SKYjF7C8mgLfD83,0
zHug6OwMsNQnCCKu5TAiHKddqer2,0
CwGGsPFeFQPwRy8ba33e8SXGS132,0
ptuwF1pj4ibIoVuZmt4nKb5naiZ2,1
S0VydT0PnkaGbSLPpfoz2kr48yz1,0
uJEVN893b2Pntd1Ck3cdY7RZZRo1,0
EBJVTXGpKucYUqz7evI887oS1162,0
85XodgEaKrPebeSPsJo2UFaDlWj1,0
7arBtLdzGeW8oCN0DXhI6dqqUdP2,0
DmKc9V8ZeqQBMqOaGMDZ3mvRIY13,0
mLARvz7XxoODpubk3Q53K562JVf2,0
bx564wHvi9d0HyJTtdi0haZuU493,1
chMsCb2SqaYxVB1lc93vPGPa5ho1,0
w51QbggHBvVnSSNG5tsEgScigyF3,0
jEkD1ffbScZx6wVALbrAhPz3w1S2,0
DsEh7p2DEgWLuhbSTrqgQnTJJjC2,0
N926xnCk8rTlXrPA1dleXFO4XMJ3,0
CFkIEzwZ5PcogCElOD2K3RJQzmh1,0
tKPYt15PqwZH8RcZnoRnkk4Q8UZ2,0
V0Wtp76p8QaDtvEnAsgSimyMspH3,0
CrlV0ddIqdbtxNnkIhtPS5dvoX42,0
EcO51zxmIHcVtAUlxnvO6wA8JcR2,0
NRG3cVOEhsTaVQeeNG60tBv247Z2,0
38CylWLQxybGkrRABrmg63KnAJd2,0
1aPZz1jeoBcw9B046d504mn4cq82,1
zOmz0TaNdmQfF2jUFkqUKuNa80m1,0
P8Qw2Prg2BRb7H72PbY3Dftp9Rv2,0
io9q2gZdUWhPDbYnJbzv8XsgCZz1,0
oabgqJNwZpUwhlXxXG67cTLlLv42,0
0c00ybTdnIRUTXeg20bZjJOzhKv1,0
jAP3y51Zjcd3gkB80PuRAfSXTGa2,1
akdaeGnDlhgMKnIjAhpslMiMJO43,1
lkIyl8ZSqIVKiLcfXF6cez7i4o13,0
ebtxeRmhQhQ78ZtgSjN7g637e6v1,1
0zexHIcM7tQDdnFiEj2Eb0v3g212,0
lRTZkLVfotSCNqqchfmOZo4Zc1o2,0
MxWWtrKw3RcNjG0Rmrw9Rt4YD9E3,0
4wRQbTA56AgZ27o7Yq6oVWUzR7A3,0
8Ul16g4L9nP9lcp16BKh1X6cfhb2,1
AHHrquikw8db8IuCsKUXqunYJz73,0
r3TFCPT4wJP2K891tXSFsIxAMPG3,0
f4wYeTyCImQ0BQiwBOlScS9C2H03,0
sUvE80s6vsOdjqAo5mnubdliqrW2,0
Kck5aZ8dc5N49j8UPNqpsoHrKgA2,0
Y0K7dqxP7WWsIjth3NfIHU9ayKO2,1
eQQfGXkyq4PbUnshUIBuHNt9jcV2,0
y2ceQRvov6OusKPKa7okrqRHkLo2,0
URgU2WswGtQp3hFNsrkdGsVxAzJ2,0
iaLzL5BAVHXg0Ng0Phw6WMZHEkg2,1
byVsWVHvkgc9Pkf4lUPOGSdZ0Vl2,0
UxRRwXJtdjRZI4pgQcHHURVa33n2,0
9sAOoNazDOXPars5nzlLzOwuYVW2,1
97Rb1xwK1GTHQL9OqkuoKV18Zug2,0
maTMkkXbqOhLPOYLpGyMPPigDFt1,0
1gimjLEgqBdoHReixdq8HlEBfEr2,0
dosEoi5rKRVXDZzENH1QpxCfPWu1,0
oT3KtPYs2CSp3MKgmhGPbuK9QIp2,0
4RTWSyPKTdc7aRr4ocbrk5m153M2,1
JOimE3qKkOWxkKYIDBvIpXgQ9HJ3,0
5Lln9rjGG3RqbQ1bo0SzlkB0vxq2,0
oeUYi9pKtHWMWaOPoKCjBjfOSHJ3,0
gfAVpM1IV5RhiO6CAiOjjn1AHVG2,0
jtTWQOkCx0RG5LBfKnPekeYuhMD2,0
YdfYHpfmDMOnsxTHmUESvpgqg612,0
Z5Y8ewskqQWeyIFkqRKuwGz9fCv1,0
HRtlc2Oedzd7Q70BgFjlJGMbyPL2,0
MF5f99sONpcYl5fYsVzh32XwSmm2,1
hCix5UmABWZVW40elRFgkGabPa52,1
RQqyn5Ur0gcPPYhafDG9DDfIgVh2,0
n4iInpDT2BR5xr3Y6yNqOxvvFUm2,1
pJV1WLRshtZDthXUILe0NR9WX6k2,0
RvmNXu1ssYaqxW3U5WXnX5aNOVU2,1
VRTMrYKsWURrc4AH2nNRiElqTxB3,0
xtfp7P3edRNGnQniJlEUvTXGPoq2,1
6pXKrZlDycStXTNMBjGXtxxYfvc2,0
LElWV2QtC5fwpqpIdAFEmaLX3Aw1,0
1kXfAOTvLBbCCcTBJOrHUFzARSo1,0
OmMVi6kdnHbu8sKZsh6HsGHm4Cs1,0
w3QJygDVetN5sPAsKTXe273bpau2,0
EAqrht1aIXZSoBIuuULWnWTjwQr2,0
1woiacXdMmXUQiMWESqr83uk1NV2,0
yiqapKfcyIPAOKlqOxyU8DDANe63,0
pvX8fr2fMcebtfWq2wXqyIp56PL2,0
11GcRROEvCReCSBzteGoFLw1GyS2,0
83BZjlFTcYZWakpS3tf63fpwbQO2,0
fX1IzMBBKwXISMTgnZUFQa6o5Rh2,1
8Vz9jwmadkRfjbwrHwGZ2MsUtcz1,1
iwhEG3FaU2MHsAPbfTtG1f5B4EH3,0
H1Ml5J5BxFT5aJB3687GpncQjOi2,0
5FnTn9FS7uUjXCbNzKuQY28pI3G2,0
nDTky90V1seGFJaYNa0m4Io1eYQ2,0
H2taWn5GjlQJaBy2Fvw3yp3zabg2,0
pCvmqsHirKcCQyWTKFUJF14jbTH3,0
